"Time (s)","Linear Acceleration x (m/s^2)","Linear Acceleration y (m/s^2)","Linear Acceleration z (m/s^2)","Absolute acceleration (m/s^2)"
4.100458333E-3,-8.271892262E-1,4.038163143E-1,5.045340192E-1,1.049697198E0
1.405745833E-2,-4.868347898E-1,2.236425501E-1,-6.938306093E-3,5.357912307E-1
2.401545833E-2,-2.292769271E-1,-3.951957643E-2,-4.682508767E-1,5.228657473E-1
3.397245833E-2,-2.920973656E-1,-5.343554038E-1,-9.956334758E-1,1.167108644E0
4.393045833E-2,-6.564429277E-1,-5.621068740E-1,-1.046894261E0,1.357523130E0
5.388745833E-2,-1.012229336E0,-2.135753989E-2,-1.025028014E0,1.440745224E0
6.384545832E-2,-1.280066311E0,3.937930173E-1,-9.287039065E-1,1.629764905E0
7.380245833E-2,-1.499568155E0,4.740016133E-1,-7.126451951E-1,1.726628320E0
8.376045834E-2,-1.598941001E0,3.471784294E-1,-6.000582272E-1,1.742760759E0
9.371745834E-2,-1.289739652E0,1.844568497E-1,-6.419792551E-1,1.452442792E0
1.036754583E-1,-6.883228245E-1,-8.580379665E-2,-7.463526392E-1,1.018917496E0
1.136324583E-1,-1.530862454E-1,-2.997218424E-1,-8.182219362E-1,8.847348293E-1
1.235904583E-1,2.011988899E-1,-2.842197043E-1,-7.785754752E-1,8.529018726E-1
1.335472083E-1,2.788791499E-1,-5.529185593E-2,-6.968319851E-1,7.525992194E-1
1.435052083E-1,2.486964074E-1,-4.159826159E-2,-4.662622386E-1,5.300762149E-1
1.534622083E-1,1.623116899E-1,-6.140570462E-2,-2.670189500E-1,3.184570063E-1
1.634192083E-1,4.505425841E-2,1.343415338E-1,-1.714567351E-1,2.224296426E-1
1.733772083E-1,-8.906917423E-2,2.223240030E-1,-4.854241490E-2,2.443719422E-1
1.833342083E-1,-6.150013715E-1,2.238358006E-1,1.306250435E-1,6.673769958E-1
1.932922083E-1,-1.446006198E0,3.424202576E-1,2.828380072E-1,1.512674088E0
2.032492083E-1,-1.763823711E0,5.070337039E-1,4.162340462E-1,1.881862918E0
2.132072083E-1,-1.798794446E0,7.996558571E-1,4.610740042E-1,2.021806170E0
2.231642083E-1,-2.001898944E0,1.347751341E0,1.048263679E0,2.631138498E0
2.331222083E-1,-1.942900830E0,1.436463250E0,-2.231239021E-2,2.416358448E0
2.430792083E-1,-1.115235348E0,4.846707353E-1,-5.548937488E-1,1.336623611E0
2.530372083E-1,-2.200275090E-1,-4.496508837E-1,-5.065530628E-1,7.121755594E-1
2.629942083E-1,4.686970192E-1,-7.450788233E-1,-1.271196377E-1,8.893698618E-1
2.729522083E-1,1.073661645E0,-3.909653038E-1,3.446957016E-1,1.193489976E0
2.829092083E-1,1.218548340E0,-2.522944915E-1,6.635379392E-1,1.410246490E0
2.928672083E-1,9.979288003E-1,-3.986228174E-1,7.247559482E-1,1.296160957E0
3.028242083E-1,5.464342895E-1,4.842342407E-2,3.134031576E-1,6.317885722E-1
3.127822083E-1,1.620751700E-1,4.946840921E-1,-1.202398038E-1,5.342642812E-1
3.227392083E-1,-3.508993050E-1,7.006414461E-1,-8.741201484E-1,1.173931340E0
3.326972083E-1,-5.868154532E-1,8.522764125E-1,-1.448483371E0,1.780121214E0
3.426542083E-1,-2.096946019E-1,5.305664080E-1,-1.586282364E0,1.685753326E0
3.526122083E-1,1.712798569E-1,2.706945097E-1,-1.397986232E0,1.434216794E0
3.625692083E-1,4.342118955E-1,-1.684401566E-1,-8.893772882E-1,1.003944230E0
3.725262083E-1,3.879069176E-1,-4.594809303E-1,-5.974223024E-1,8.476484586E-1
3.824842083E-1,9.232285738E-2,1.497945553E-1,-2.874619853E-1,3.370405195E-1
3.924412083E-1,-4.230489761E-2,-2.852827281E-1,-3.209717935E-1,4.315076263E-1
4.023992083E-1,7.508324835E-1,2.712306994E-1,-3.628337646E-1,8.769058394E-1
4.123562083E-1,4.775020489E-1,-6.638571972E-1,-1.071209908E-1,8.247360133E-1
4.223142083E-1,-9.638988823E-2,-8.519779122E-1,-7.042772448E-1,1.109578213E0
4.322712083E-1,-1.356644663E-1,2.866831362E-2,-1.099588199E0,1.108296408E0
4.422292083E-1,-6.035189018E-2,3.296630949E-1,-7.956189394E-1,8.633247382E-1
4.521862083E-1,-2.230163133E-1,-1.035594517E-1,-6.084788024E-1,6.562829337E-1
4.621442083E-1,-3.263762288E-2,-8.528479779E-1,-5.679295313E-1,1.025162836E0
4.721012083E-1,3.875333536E-1,-2.061930553E0,-7.111529857E-1,2.215282888E0
4.820592083E-1,1.123854729E0,-3.038461175E0,-1.008021972E0,3.392846012E0
4.920162083E-1,1.737707707E0,-3.527894760E0,-1.522758213E0,4.217162801E0
5.019742083E-1,1.702522964E0,-3.700119819E0,-2.088818974E0,4.577404923E0
5.119312083E-1,1.474856945E0,-2.542572264E0,-2.503131040E0,3.860769578E0
5.218892083E-1,1.444869207E0,-9.051899135E-1,-2.273619055E0,2.841893632E0
5.318462083E-1,1.090252827E0,-2.446673834E-1,-6.667989314E-1,1.301204892E0
5.418042083E-1,1.034284156E0,-3.559147543E-1,8.509868091E-1,1.385856261E0
5.517612083E-1,9.289300476E-1,-4.120719981E-1,1.995733055E0,2.239567992E0
5.617192083E-1,8.563147920E-1,6.974266469E-2,2.340481381E0,2.493189154E0
5.716762083E-1,9.499794392E-1,7.593831593E-1,2.662642499E0,2.927249356E0
5.816342083E-1,1.231232266E0,8.741464609E-1,3.001815505E0,3.360202562E0
5.915912083E-1,1.413861715E0,4.409016949E-1,2.978778060E0,3.326637640E0
6.015492083E-1,1.837785142E0,1.677110088E-1,2.817080328E0,3.367717741E0
6.115062083E-1,1.945495971E0,2.504660672E-1,2.443833842E0,3.133689785E0
6.214642083E-1,1.837693341E0,-1.218091965E-1,1.370969757E0,2.295977432E0
6.314212083E-1,-6.439693549E-1,-5.565911955E-1,-2.812062247E0,2.938057925E0
6.413782083E-1,2.294951744E-2,-6.598471767E-1,-2.259912597E0,2.354385254E0
6.513362083E-1,-1.083225936E-2,-3.929211974E-1,-3.117062956E0,3.141748857E0
6.612932083E-1,-6.997528886E-1,-8.949514389E-1,-2.127234011E0,2.411579715E0
6.712512083E-1,-1.364197073E-1,-1.032897781E0,-1.845659587E0,2.119421495E0
6.812082083E-1,-1.767959008E-1,2.204809606E-1,-1.606965719E0,1.631627245E0
6.911662083E-1,-1.534816633E-1,1.528249918E0,-6.501717889E-1,1.667881227E0
7.011232083E-1,-3.589353528E-1,1.673117609E0,3.959290051E-1,1.756393150E0
7.110812083E-1,-6.767147858E-1,2.036319748E0,2.272774132E0,3.125706844E0
7.210382083E-1,-4.602936932E-1,2.556927763E0,3.973067261E0,4.747105785E0
7.309962083E-1,2.973188560E-1,2.230354922E0,3.973076617E0,4.565985039E0
7.409532083E-1,1.033954885E0,8.466668862E-1,2.759176521E0,3.065772756E0
7.509112083E-1,1.072193555E0,2.242108995E-1,9.678352278E-1,1.461702629E0
7.608682083E-1,1.144350609E0,1.125629944E-1,-5.497400129E-1,1.274528472E0
7.708262083E-1,1.327346020E0,6.666761398E-2,-1.455173171E0,1.970741227E0
7.807832083E-1,7.063606077E-1,-6.246808523E-1,-1.745050056E0,1.983524936E0
7.907412083E-1,-2.003001729E-1,-3.838726312E-1,-1.990041375E0,2.036600852E0
8.006982083E-1,-1.284313144E0,5.625079930E-1,-1.933471903E0,2.388344425E0
8.106562083E-1,-2.245306545E0,7.403259140E-1,-1.877324014E0,3.018911955E0
8.206132083E-1,-2.117477347E0,1.784722245E-1,-1.918819365E0,2.863115507E0
8.305712083E-1,-1.823843626E0,5.292078075E-1,-1.486144118E0,2.411449940E0
8.405282083E-1,-2.146585371E0,9.777813417E-1,2.301627803E-1,2.369991564E0
8.504862083E-1,-1.942340375E0,4.614254218E-1,1.814059480E0,2.697482409E0
8.604432083E-1,-2.449528445E0,2.352597982E-2,2.117215100E0,3.237799075E0
8.704002083E-1,-4.077007951E0,4.532492602E-1,1.489783717E0,4.364273622E0
8.803582083E-1,-4.460238558E0,8.120618945E-1,5.805168325E-1,4.570576803E0
8.903152083E-1,-3.379251521E0,2.246140650E-1,5.264100610E-1,3.427375071E0
9.002732083E-1,-1.457911422E0,4.244977699E-1,1.887945628E0,2.422817113E0
9.102302083E-1,7.983443266E-1,1.361819741E0,4.072587456E0,4.367822714E0
9.201882083E-1,3.014244931E0,1.514998958E0,5.339441691E0,6.315895180E0
9.301452083E-1,3.855052323E0,1.352772052E0,4.971897994E0,6.435152702E0
9.401032083E-1,3.180728025E0,1.210290390E0,3.147612319E0,4.635654960E0
9.500602083E-1,2.670263175E0,7.824953024E-1,6.715644121E-1,2.862447044E0
9.600182083E-1,2.499927936E0,-6.979490957E-1,-9.738397336E-1,2.772207866E0
9.699752083E-1,2.185010349E0,-1.874179674E0,-1.807147194E0,3.398911687E0
9.799332083E-1,2.579656475E0,-2.589145921E0,-1.814393356E0,4.080481268E0
9.898902083E-1,2.900584999E0,-2.904799672E0,-1.322215380E0,4.312714689E0
9.998482083E-1,2.885442465E0,-2.566289155E0,-1.003075227E-1,3.862859025E0
1.009805208E0,3.694686586E0,-2.336561262E0,1.421135505E0,4.596722052E0
1.019763208E0,4.505296617E0,-2.143325987E0,3.126434873E0,5.887795760E0
1.029720208E0,4.670993260E0,-1.489483316E0,4.303876995E0,6.523809912E0
1.039678208E0,4.197044857E0,5.902740812E-1,4.949348792E0,6.516107924E0
1.049635208E0,3.471873171E0,1.418164681E0,4.885502167E0,6.158995519E0
1.059593208E0,3.203161452E0,9.311728933E-1,4.076924336E0,5.267697627E0
1.069550208E0,3.614104938E0,1.083910352E0,2.818374317E0,4.709548805E0
1.079508208E0,3.846427095E0,9.227996805E-1,2.091189435E0,4.474330553E0
1.089465208E0,3.885506961E0,7.415099752E-1,2.559512817E0,4.711486734E0
1.099423208E0,3.481572533E0,1.529897371E0,3.199651369E0,4.969879490E0
1.109380208E0,2.074754081E0,3.884562343E0,4.172586538E0,6.066704832E0
1.119337208E0,1.293193018E0,5.489833247E0,4.885710620E0,7.461955878E0
1.129295208E0,7.977683759E-1,5.081801090E0,5.201068502E0,7.315206782E0
1.139256083E0,1.289200539E0,4.525485591E0,4.359972843E0,6.414937338E0
1.149214083E0,1.666433072E0,4.039656815E0,3.424489090E0,5.551842207E0
1.159171083E0,1.428239141E0,3.357336449E0,3.072467412E0,4.769866987E0
1.169129083E0,1.141366555E0,2.491051278E0,3.000360718E0,4.063276820E0
1.179086083E0,1.821290731E-1,9.263673592E-1,3.296269006E0,3.428806913E0
1.189044083E0,-1.917099114E0,2.663453507E-1,3.037375347E0,3.601646548E0
1.199001083E0,-4.298272439E0,1.301302960E0,2.141678973E0,4.975472256E0
1.208959083E0,-6.298875639E0,2.405013592E0,1.487176151E0,6.904463600E0
1.218916083E0,-7.672166156E0,2.969929469E0,1.244158852E0,8.320489518E0
1.228874083E0,-8.400697067E0,3.449554934E0,1.295041907E0,9.173236833E0
1.238831083E0,-8.306590224E0,3.956141326E0,1.195003064E0,9.277851457E0
1.248789083E0,-6.607286444E0,1.479422743E0,1.142493898E0,6.866601643E0
1.258746083E0,-6.020023094E0,-1.630959330E0,1.766451450E0,6.482365087E0
1.268704083E0,-4.808009603E0,-1.997832205E0,1.401968771E0,5.392013195E0
1.278661083E0,-2.847236758E0,-3.545031195E0,3.357570630E-1,4.559247321E0
1.288619083E0,-2.308416566E0,-4.708329194E0,4.976857603E-2,5.244008748E0
1.298576083E0,-1.724640642E0,-4.490789967E0,-1.549804509E0,5.054055193E0
1.308534083E0,-2.541370661E0,-2.606526185E0,-4.875376251E0,6.084557271E0
1.318491083E0,-1.321773477E0,-2.266652098E0,-5.470469608E0,6.067193304E0
1.328449083E0,-1.660048790E0,-2.877464816E0,-5.295774100E0,6.251462954E0
1.338406083E0,-2.414253947E0,-3.077107177E0,-3.997954180E0,5.592928422E0
1.348364083E0,-1.553594382E0,-4.771222430E0,-3.014759486E0,5.853801649E0
1.358321083E0,-8.381229347E-1,-6.458053222E0,-2.197153847E0,6.872873234E0
1.368279083E0,9.393885237E-1,-6.786253928E0,-2.522717459E0,7.300670966E0
1.378236083E0,3.653617790E0,-6.860955616E0,-4.577001607E0,9.020564208E0
1.388193083E0,5.276344972E0,-6.781656262E0,-7.165899022E0,1.118842199E1
1.398151083E0,3.961905511E0,-5.487996052E0,-8.896835069E0,1.117892974E1
1.408108083E0,1.008136869E0,-4.346294451E0,-8.882836250E0,9.940392107E0
1.418066083E0,-1.735074998E-1,-3.644732946E0,-8.429372982E0,9.185233365E0
1.428023083E0,-3.088994859E-1,-3.860960642E0,-7.162160897E0,8.142418847E0
1.437981083E0,4.311209111E-1,-3.151735483E0,-6.480320588E0,7.218992778E0
1.447938083E0,1.169238186E0,-3.288758550E0,-5.133319738E0,6.207577810E0
1.457896083E0,2.331594637E0,-4.125798288E0,-3.697935299E0,6.011095619E0
1.467853083E0,3.400164380E0,-3.746402285E0,-3.232360108E0,6.003732153E0
1.477811083E0,3.200367653E0,-3.553970418E0,-3.115116418E0,5.707627278E0
1.487768083E0,2.276529214E0,-3.826966977E0,-3.009482959E0,5.374499901E0
1.497726083E0,9.430038571E-1,-4.053452735E0,-3.243290309E0,5.276236100E0
1.507683083E0,-2.676019174E-1,-3.597450314E0,-3.575855377E0,5.079370160E0
1.517641083E0,-6.781360978E-1,-2.248821014E0,-4.543178388E0,5.114443703E0
1.527598083E0,-7.364421934E-1,-1.119622222E0,-3.633439341E0,3.872697054E0
1.537556083E0,-3.222637358E-1,-5.593215528E-1,-1.527545328E0,1.658339303E0
1.547513083E0,6.482854772E-1,-4.358488235E-1,5.020355040E-1,9.285892009E-1
1.557471083E0,1.820751033E0,-1.569322515E-1,1.642645429E0,2.457243591E0
1.567428083E0,2.249874097E0,-2.828005850E-3,2.059638444E0,3.050254411E0
1.577386083E0,1.084262062E0,1.637749556E-1,2.267933807E0,2.519120920E0
1.587343083E0,-8.252029270E-1,1.020903388E0,1.684230827E0,2.135377502E0
1.597301083E0,-2.002722524E0,1.714129980E0,6.380054873E-1,2.712229728E0
1.607258083E0,-2.628149481E0,1.964582891E0,2.339049983E-1,3.289599851E0
1.617216083E0,-2.387512583E0,2.050391657E0,3.844643694E-1,3.170510233E0
1.627173083E0,-1.919934137E0,2.025304471E0,8.170630181E-1,2.907850970E0
1.637131083E0,-6.663111274E-1,2.103576469E0,1.490495031E0,2.662814285E0
1.647088083E0,8.660227780E-1,2.069299652E0,1.673226367E0,2.798514424E0
1.657045083E0,4.741755679E-2,2.217121211E0,2.484991223E0,3.330624006E0
1.667003083E0,-3.606533378E-1,2.459430120E0,3.300967244E0,4.132221205E0
1.676960083E0,-5.460657687E-1,2.480665453E0,3.698108377E0,4.486412206E0
1.686918083E0,-3.101876275E-1,2.144880908E0,3.867461869E0,4.433282281E0
1.696875083E0,1.989580907E-1,1.573904247E0,3.952292104E0,4.258799335E0
1.706833083E0,9.423635870E-2,1.109523788E0,3.981850948E0,4.134617334E0
1.716790083E0,4.875256383E-1,9.312287343E-1,4.041449279E0,4.175904749E0
1.726748083E0,1.271577031E0,7.409072734E-1,4.326202834E0,4.569669867E0
1.736705083E0,1.800343374E0,1.838310514E-1,4.589552656E0,4.933459608E0
1.746663083E0,1.497496487E0,1.397902617E-1,4.785656574E0,5.016427603E0
1.756620083E0,4.532311338E-1,4.018037758E-1,4.865038374E0,4.902597589E0
1.766578083E0,-4.966411552E-1,3.815077248E-1,4.346821285E0,4.391703072E0
1.776535083E0,-1.149440244E0,8.978684686E-1,3.459861236E0,3.754733071E0
1.786493083E0,-1.842370675E0,1.708901107E0,2.525412440E0,3.562636761E0
1.796450083E0,-2.446975843E0,2.099410182E0,1.641577728E0,3.618009304E0
1.806408083E0,-2.600781881E0,2.041461790E0,9.005711979E-1,3.426756646E0
1.816365083E0,-2.424979202E0,2.095078711E0,5.273083395E-1,3.247758153E0
1.826323083E0,-1.950233092E0,1.984059674E0,5.441149914E-1,2.834777421E0
1.836280083E0,-1.599904329E0,1.928534660E0,5.511234641E-1,2.565672791E0
1.846238083E0,-9.930267870E-1,2.086400273E0,2.528961700E-1,2.324462254E0
1.856195083E0,-3.357323585E-1,2.157691427E0,1.676075131E-1,2.190077804E0
1.866153083E0,3.786170076E-1,2.053232235E0,6.079478753E-1,2.174560661E0
1.876110083E0,1.457958053E0,1.635588863E0,9.522599995E-1,2.389056659E0
1.886068083E0,2.146081926E0,1.545946223E0,1.437619244E0,3.010376463E0
1.896025083E0,2.058534198E0,1.871413503E0,2.381279744E0,3.662000104E0
1.905983083E0,1.204871045E0,2.374144679E0,3.187473373E0,4.153102899E0
1.915940083E0,3.821484335E-1,2.495009258E0,3.649758920E0,4.437549864E0
1.925898083E0,-1.071798284E-1,1.867318259E0,3.539060603E0,4.002913307E0
1.935855083E0,-7.886357559E-1,1.292194167E0,2.848215582E0,3.225530053E0
1.945813083E0,-1.363744937E0,1.018282227E0,2.296050144E0,2.858066691E0
1.955770083E0,-1.659944417E0,5.866366746E-1,2.141759080E0,2.772488054E0
1.965728083E0,-1.676687042E0,4.943354884E-1,2.562016010E0,3.101543656E0
1.975685083E0,-2.050585493E0,6.758306868E-1,3.306419188E0,3.948930972E0
1.985642083E0,-2.574587524E0,7.512655429E-1,3.714735519E0,4.581720290E0
1.995600083E0,-2.587853687E0,8.346434028E-1,3.699202391E0,4.591047227E0
2.005557083E0,-2.449998707E0,8.089982459E-1,3.620651481E0,4.445906991E0
2.015515083E0,-2.046872364E0,3.779422024E-1,3.833211803E0,4.361884857E0
2.025472083E0,-1.370329487E0,2.344384106E-1,4.284545515E0,4.504452746E0
2.035430083E0,-5.531638500E-1,1.872460081E-1,4.502363654E0,4.540080372E0
2.045387083E0,-2.727166048E-1,-3.013731692E-2,4.541627707E0,4.549908222E0
2.055345083E0,1.501030782E-1,-8.617772609E-3,4.482915815E0,4.485436367E0
2.065302083E0,4.912186667E-1,3.424062609E-1,4.525788769E0,4.565227465E0
2.075260083E0,5.348017656E-1,1.485428857E-1,4.932001857E0,4.963136129E0
2.085217083E0,-1.519381628E-1,-1.462048400E-1,4.893171667E0,4.897712734E0
2.095175083E0,-7.053005075E-1,-1.371092768E-1,3.803434272E0,3.870705365E0
2.105132083E0,-1.176884736E0,-4.439794134E-1,2.652653700E0,2.935770266E0
2.115090083E0,-1.593758760E0,-9.922168015E-1,1.971803910E0,2.722603868E0
2.125047083E0,-1.873361210E0,-9.414745910E-1,1.941679054E0,2.857616871E0
2.135000375E0,-1.750364736E0,-5.003401038E-1,2.076584845E0,2.761579538E0
2.144957375E0,-1.599386559E0,-7.421844515E-1,2.310400965E0,2.906342675E0
2.154915375E0,-1.340205801E0,-1.189953774E0,2.495237299E0,3.072189895E0
2.164872375E0,-1.123266426E0,-1.318995026E0,2.036415058E0,2.673660717E0
2.174830375E0,-9.734364219E-1,-1.321995671E0,1.228883001E0,2.050708281E0
2.184787375E0,-6.917400835E-1,-1.432962814E0,5.850612885E-1,1.695341701E0
2.194745375E0,-3.350096427E-1,-1.335733266E0,3.074963003E-1,1.411016936E0
2.204702375E0,2.845709940E-1,-1.232036112E0,-2.199734223E-1,1.283464818E0
2.214660375E0,5.332358813E-1,-7.241480570E-1,-3.747989219E-1,9.742715974E-1
2.224617375E0,3.764050059E-1,-2.803447545E-2,8.466768265E-3,3.775425095E-1
2.234575375E0,1.658138979E-1,4.639376049E-1,2.146331602E-1,5.374009151E-1
2.244532375E0,2.245661544E-2,7.145484638E-1,4.663096011E-2,7.164204444E-1
2.254490375E0,-1.592159546E-1,8.757195812E-1,-6.107416749E-2,8.921684589E-1
2.264447375E0,-2.201513056E-1,9.967904205E-1,3.276896596E-2,1.021338115E0
2.274405375E0,-1.069131862E-1,8.229334764E-1,2.129368830E-1,8.567333612E-1
2.284362375E0,2.530266360E-1,4.190275535E-1,7.927660829E-1,9.317105942E-1
2.294320375E0,7.346460749E-1,6.847016439E-2,1.839225896E0,1.981702529E0
2.304277375E0,1.336940131E0,-5.016252487E-1,2.552363427E0,2.924653119E0
2.314235375E0,1.261988328E0,-9.249643198E-1,2.755935409E0,3.169125039E0
2.324192375E0,8.157526571E-1,-1.319380650E0,1.861633596E0,2.423199815E0
2.334149375E0,7.406302616E-1,-1.482328517E0,6.653669482E-1,1.785649516E0
2.344107375E0,-1.050101459E-2,-8.644777244E-1,8.221822554E-1,1.193069851E0
2.354064375E0,-9.078408949E-1,-8.586277313E-1,1.122187103E0,1.679500094E0
2.364022375E0,-1.085959217E0,-6.824108510E-1,5.272118604E-1,1.386702685E0
2.373979375E0,-1.444344127E0,-3.269929639E-1,2.939787072E-1,1.509793972E0
2.383937375E0,-1.662310931E0,-7.172848146E-1,-2.046525478E-3,1.810463843E0
2.393894375E0,-1.762212511E0,-7.158684728E-1,-4.070737982E-1,1.945140016E0
2.403852375E0,-1.854240523E0,-5.736314437E-1,-6.130004543E-1,2.035443565E0
2.413809375E0,-1.650595304E0,-5.171132074E-1,-3.806625098E-1,1.771094258E0
2.423767375E0,-1.370774460E0,-3.237514137E-1,2.657559514E-2,1.408738393E0
2.433724375E0,-1.004567290E0,-6.310600184E-2,2.832385415E-1,1.045639460E0
2.443682375E0,-6.076765279E-1,-4.369478077E-2,4.346364033E-1,7.483908067E-1
2.453639375E0,-4.088598302E-1,9.472408958E-2,5.261476672E-1,6.730307434E-1
2.463597375E0,-2.840660870E-1,3.904402969E-1,4.089992863E-1,6.327855746E-1
2.473554375E0,-1.952826588E-1,3.469294111E-1,1.058790421E-1,4.119535225E-1
2.483512375E0,-9.960744655E-2,2.442732080E-1,-1.660819745E-1,3.117278714E-1
2.493469375E0,8.914162489E-2,3.482281508E-1,-4.298393476E-1,5.603310977E-1
2.503427375E0,3.024603310E-1,3.869900011E-1,-6.166233891E-1,7.883323645E-1
2.513384375E0,3.916973752E-1,1.293727161E-1,-6.712375528E-1,7.878603846E-1
2.523342375E0,5.229694131E-1,7.067346834E-2,-8.334135872E-1,9.864430817E-1
2.533299375E0,5.419369767E-1,3.238978133E-1,-1.000213600E0,1.182807138E0
2.543257375E0,4.732469204E-1,5.571023883E-1,-9.533364719E-1,1.201322666E0
2.553214375E0,5.100308770E-1,9.022240596E-1,-8.438461894E-1,1.336493973E0
2.563172375E0,4.513671876E-1,1.286068624E0,-6.618972105E-1,1.515193968E0
2.573129375E0,3.682909709E-1,1.647136091E0,-3.021379119E-1,1.714637822E0
2.583087375E0,4.055093391E-1,2.087877572E0,3.381602687E-1,2.153606962E0
2.593044375E0,4.730472746E-1,2.416832569E0,8.256479001E-1,2.597411759E0
2.603002375E0,5.164571498E-1,2.428458442E0,1.068868098E0,2.703075545E0
2.612959375E0,4.195348725E-1,2.311421158E0,1.254830605E0,2.663320696E0
2.622917375E0,4.421108991E-2,2.347533416E0,1.402398541E0,2.734883805E0
2.632874375E0,-7.949769151E-1,2.379113935E0,1.757887618E0,3.063060608E0
2.642832375E0,-1.230910816E0,2.221140587E0,1.791810824E0,3.107924223E0
2.652789375E0,-1.257166860E0,1.598370605E0,1.496401303E0,2.524772062E0
2.662747375E0,-1.050158762E0,6.713726234E-1,1.347228307E0,1.835374277E0
2.672704375E0,-7.971738602E-1,-2.003834226E-1,1.122478294E0,1.391257417E0
2.682662375E0,-5.820581220E-1,-9.902563032E-1,3.295870811E-1,1.195000773E0
2.692619375E0,-1.540199909E-1,-1.530774892E0,-4.917438197E-1,1.615179838E0
2.702577375E0,-1.793827456E-1,-2.060229159E0,-7.168318015E-1,2.188737122E0
2.712534375E0,-2.073546193E-1,-2.235102715E0,-8.496542287E-1,2.400123412E0
2.722492375E0,-4.002270376E-1,-1.993231031E0,-1.118902722E0,2.320580731E0
2.732449375E0,-5.210670946E-1,-1.825723067E0,-1.114293947E0,2.201460114E0
2.742407375E0,-4.398695882E-1,-1.569211710E0,-5.133983982E-1,1.708651094E0
2.752364375E0,-1.938111339E-1,-1.109735677E0,1.789522809E-1,1.140657681E0
2.762322375E0,9.981006171E-2,-9.935700665E-1,6.917741436E-1,1.214781870E0
2.772279375E0,-3.369926711E-2,-7.597364773E-1,1.161090383E0,1.387971914E0
2.782237375E0,-4.672483533E-2,-4.777243893E-1,8.112222344E-1,9.425949904E-1
2.792194375E0,-2.845861785E-2,-6.603656785E-1,1.744206887E-1,6.836046364E-1
2.802151375E0,2.042825653E-1,-7.663808146E-1,-4.379810107E-1,9.060343731E-1
2.812109375E0,2.671552449E-1,-7.768429452E-1,-8.478813529E-1,1.180575993E0
2.822067375E0,3.465772991E-1,-8.020340659E-1,-8.582736093E-1,1.224748160E0
2.832024375E0,5.876533592E-1,-8.405147383E-1,-6.859655195E-1,1.233835560E0
2.841981375E0,7.286852040E-1,-9.564936760E-1,-5.133434343E-1,1.307434037E0
2.851939375E0,6.953084931E-1,-8.174027413E-1,-2.477576369E-1,1.101355977E0
2.861896375E0,5.388938664E-1,-5.185662404E-1,-8.383971691E-2,7.525600595E-1
2.871854375E0,3.950670159E-1,-5.752836476E-1,-8.316553295E-2,7.028127262E-1
2.881811375E0,2.355483765E-1,-7.538776403E-1,-8.705217719E-2,7.946021745E-1
2.891769375E0,2.666412564E-3,-7.094241833E-1,-1.165583968E-2,7.095249398E-1
2.901726375E0,-7.815940272E-2,-6.166749908E-1,2.251341748E-1,6.611220259E-1
2.911684375E0,-5.927918192E-2,-6.482686664E-1,2.347347182E-1,6.920019315E-1
2.921641375E0,-1.080384828E-1,-6.930068828E-1,1.644997180E-2,7.015707056E-1
2.931599375E0,-2.193914599E-1,-6.476838718E-1,-2.718130821E-1,7.358731970E-1
2.941556375E0,-4.217449008E-1,-6.070417761E-1,-3.333439171E-1,8.108555028E-1
2.951514375E0,-4.957115575E-1,-6.074439184E-1,-2.662149578E-1,8.280026969E-1
2.961471375E0,-4.177495349E-1,-5.095508572E-1,-3.509323418E-2,6.598395904E-1
2.971429375E0,-4.483176454E-1,-3.094179878E-1,2.776661450E-1,6.114136819E-1
2.981386375E0,-4.342210317E-1,-2.329940752E-1,3.689376730E-1,6.155884583E-1
2.991344375E0,-3.270003460E-1,-2.763859702E-1,1.612667924E-1,4.575209384E-1
3.001301375E0,-1.889763819E-1,-3.827665573E-1,-7.981683254E-2,4.342729983E-1
3.011259375E0,-1.266488821E-1,-5.959715351E-1,-1.434468180E-1,6.259384950E-1
3.021216375E0,-8.814213473E-2,-7.420291349E-1,-3.251437819E-1,8.149200892E-1
3.031174375E0,1.646365793E-2,-6.982833371E-1,-5.817008936E-1,9.089810782E-1
3.041131375E0,1.818515131E-2,-6.652848680E-1,-6.575427890E-1,9.355731797E-1
3.051089375E0,2.923123604E-2,-5.335176440E-1,-5.089159226E-1,7.378963057E-1
3.061046375E0,9.132498435E-2,-2.542164713E-1,-1.479550213E-1,3.079885637E-1
3.071004375E0,1.029864702E-1,1.421159186E-1,2.072025186E-1,2.715437922E-1
3.080961375E0,1.484872915E-1,4.449368584E-1,4.405029148E-1,6.434750202E-1
3.090919375E0,9.569188599E-2,5.935499107E-1,5.574530751E-1,8.198855801E-1
3.100876375E0,-2.181315676E-2,7.468674134E-1,6.644284701E-1,9.998759618E-1
3.110834375E0,-5.678226552E-2,7.497899980E-1,5.881585586E-1,9.546411665E-1
3.120791375E0,-5.827064686E-2,5.499597220E-1,5.235900950E-1,7.615758345E-1
3.130749375E0,-1.017379983E-1,4.692185909E-1,5.535757864E-1,7.327774953E-1
3.140706583E0,-1.876525358E-1,7.163835394E-1,3.636821955E-1,8.250355077E-1
3.150664583E0,-1.414573120E-1,9.008626816E-1,2.057196647E-1,9.348178018E-1
3.160621583E0,5.449865829E-2,9.620239726E-1,3.124822211E-1,1.012968591E0
3.170579583E0,-1.238035264E-1,9.624880953E-1,2.472518528E-1,1.001421053E0
3.180536583E0,-5.094412950E-1,1.285803599E0,-6.580368787E-1,1.531611525E0
3.190494583E0,-7.015054453E-1,2.022053711E0,-1.841996307E0,2.823784959E0
3.200451583E0,-6.384180084E-2,2.694241437E0,-3.390544249E0,4.331143382E0
3.210409583E0,1.850527394E0,1.049586977E0,-4.191131567E0,4.700177473E0
3.220366583E0,2.531903142E0,4.759322908E-1,-7.445229285E0,7.878355423E0
3.230324583E0,1.291463996E0,-8.011781797E-1,-1.033000224E1,1.044120262E1
3.240281583E0,1.188842292E0,-8.347124731E-1,-9.660258070E0,9.768862620E0
3.250239583E0,1.735894632E0,-3.784726910E-1,-9.504140335E0,9.668777341E0
3.260196583E0,2.043010863E0,-3.311569854E-1,-9.461869644E0,9.685583901E0
3.270154583E0,2.369658110E0,-2.063094295E-1,-9.347585814E0,9.645475815E0
3.280111583E0,7.995803549E-1,2.502266237E-1,-9.514454239E0,9.551271202E0
3.290069583E0,-1.943158400E1,3.408132381E0,1.378876479E1,2.406931361E1
3.300026583E0,-9.983138394E0,-3.246897748E0,7.705298234E0,1.302217409E1
3.309984583E0,4.266467679E0,-4.706158123E0,-1.621067800E1,1.741082284E1
3.319941583E0,5.237109862E-1,-3.022320338E-1,-7.726412530E0,7.750036644E0
3.329899583E0,1.522770784E0,-2.042028385E0,-4.576342626E0,5.237520656E0
3.339856583E0,1.858393361E0,-7.616355067E-1,9.575793285E0,9.784146952E0
3.349814583E0,3.308380929E0,-1.130231483E0,8.641937397E0,9.322332838E0
3.359771583E0,1.828860244E0,6.338285288E-1,-1.360766366E1,1.374463454E1
3.369729583E0,1.663094750E0,3.685050886E-1,-8.936039481E0,9.096949035E0
3.379686583E0,4.902017628E-1,1.856958381E-1,-5.790438604E0,5.814117296E0
3.389644583E0,-2.430850976E0,-1.575161836E0,6.198803467E0,6.842173317E0
3.399601583E0,-1.526577322E0,-4.252078777E-1,-5.947799456E0,6.155287031E0
3.409559583E0,-2.338075106E0,5.608860119E-1,2.765700727E1,2.776132633E1
3.419516583E0,9.766423041E-1,-1.674118141E-1,-1.119875816E1,1.124251045E1
3.429474583E0,5.903711450E-1,1.453003214E-1,-1.057795225E1,1.059541052E1
3.439431583E0,1.636713137E-1,2.938520419E-1,-5.671371751E0,5.681337419E0
3.449389583E0,1.075947614E-1,-4.984042369E-1,8.955687295E0,8.970190541E0
3.459346583E0,-2.850606252E-1,-3.749898335E-1,6.579117483E-1,8.091506682E-1
3.469304583E0,1.454597658E0,-1.178528388E0,5.314099858E0,5.634220515E0
3.479261583E0,-1.343712084E-2,1.289191823E-1,-1.160287209E1,1.160359606E1
3.489219583E0,-6.260288548E-2,-2.792631657E-1,8.367205385E0,8.372098482E0
3.499176583E0,-4.240130723E-1,-1.357522476E0,4.364455903E0,4.590330020E0
3.509134583E0,5.040803849E-1,-4.129223295E-1,-8.317446164E0,8.342931894E0
3.519091583E0,1.373361999E0,7.632923153E-1,2.479541618E0,2.935449706E0
3.529049583E0,1.194638783E-1,-5.699201428E-1,2.272946041E0,2.346351272E0
3.539006583E0,-1.038789947E0,-3.228402165E-2,-1.182305251E0,1.574157717E0
3.548964583E0,4.783460214E-1,1.512245284E-1,2.065014374E-1,5.425187719E-1
3.558921583E0,-2.568605274E-1,1.657694774E-3,1.919816315E-1,3.206821251E-1
3.568879583E0,4.716918717E-2,1.019588130E-1,-2.132596493E-2,1.143474029E-1
3.578836583E0,-8.165079346E-2,5.871541897E-2,1.298613971E-1,1.642508294E-1
3.588794583E0,-4.400998224E-2,7.236273807E-2,2.807189763E-2,8.922598183E-2
3.598751583E0,-5.559726331E-2,5.150056698E-2,8.555178165E-2,1.142911695E-1
3.608709583E0,-4.423407678E-2,6.464865264E-2,5.710917056E-2,9.694100886E-2
3.618666583E0,-5.005688487E-2,6.221756310E-2,5.950419009E-2,9.958647257E-2
3.628624583E0,-4.438472024E-2,6.342056377E-2,5.965387881E-2,9.772797223E-2
3.638581583E0,-5.252176492E-2,5.756331649E-2,6.055201113E-2,9.868443265E-2
3.648539583E0,-3.928330780E-2,6.618558414E-2,6.294644594E-2,9.942818955E-2
3.658496583E0,-4.103744052E-2,7.383989093E-2,6.100049257E-2,1.041991416E-1
3.668454583E0,-4.597234892E-2,6.480358559E-2,5.830551088E-2,9.855198714E-2
3.678411583E0,-5.427943795E-2,6.550293085E-2,5.935274720E-2,1.037286842E-1
3.688369583E0,-4.529772185E-2,6.104044550E-2,6.294469178E-2,9.869069771E-2
3.698326583E0,-4.889594304E-2,6.637308790E-2,6.488713682E-2,1.049120611E-1
3.708284583E0,-4.554672644E-2,6.323339805E-2,6.024444759E-2,9.850056032E-2
3.718241583E0,-4.473288995E-2,6.553470681E-2,6.353584528E-2,1.016495592E-1
3.728199583E0,-4.901014191E-2,6.475223972E-2,5.994039237E-2,1.009341231E-1
3.738156583E0,-4.087071722E-2,6.183241432E-2,6.487719655E-2,9.850235336E-2
3.748114583E0,-4.118625216E-2,6.804794974E-2,6.128115892E-2,1.004102150E-1
3.758071583E0,-3.942128839E-2,6.847594765E-2,6.202843308E-2,1.004515799E-1
3.768029583E0,-3.847511753E-2,5.927562791E-2,6.606827438E-2,9.674167464E-2
3.777986583E0,-4.316780959E-2,5.480056191E-2,6.531749189E-2,9.556639638E-2
3.787944583E0,-4.738010264E-2,5.912293335E-2,5.917908490E-2,9.613823102E-2
3.797901583E0,-4.999326899E-2,5.668270754E-2,6.561394572E-2,1.000871927E-1
3.807859583E0,-4.604173893E-2,5.792355979E-2,6.097184122E-2,9.587776553E-2
3.817816583E0,-4.185720189E-2,6.042200195E-2,5.932234168E-2,9.445625385E-2
3.827774583E0,-4.235467660E-2,6.607000113E-2,6.560809851E-2,1.022916725E-1
3.837731583E0,-4.575022782E-2,6.273411892E-2,5.946793735E-2,9.780127093E-2
3.847689583E0,-4.398891855E-2,6.379224569E-2,6.006552279E-2,9.804255501E-2
3.857646583E0,-4.445739473E-2,6.056412583E-2,6.305754304E-2,9.808530480E-2
3.867604583E0,-4.582553813E-2,5.795631333E-2,5.796754181E-2,9.391033012E-2
3.877561583E0,-3.430526249E-2,6.294548663E-2,5.961470246E-2,9.323571243E-2
3.887519583E0,-4.375320267E-2,6.430482723E-2,6.949357331E-2,1.043015354E-1
3.897476583E0,-5.104326904E-2,6.422452851E-2,6.140979767E-2,1.024761857E-1
3.907434583E0,-4.233200493E-2,6.094471562E-2,6.470294952E-2,9.845165656E-2
3.917391583E0,-4.080317274E-2,6.449283348E-2,6.500174224E-2,1.002469499E-1
3.927349583E0,-4.997504669E-2,5.489514062E-2,6.709621489E-2,1.000643983E-1
3.937306583E0,-4.034315675E-2,5.226407630E-2,6.784173489E-2,9.466575390E-2
3.947264583E0,-3.918334326E-2,5.830977752E-2,6.394865870E-2,9.499892364E-2
3.957221583E0,-4.570985005E-2,5.445708367E-2,5.975562036E-2,9.287463873E-2
3.967179583E0,-4.440796292E-2,6.626896178E-2,6.319553733E-2,1.017709114E-1
3.977136583E0,-4.468275921E-2,5.569213439E-2,6.977891743E-2,9.983616640E-2
3.987094583E0,-4.554272932E-2,6.061122333E-2,6.064556658E-2,9.708627778E-2
3.997051583E0,-4.271638627E-2,6.620524541E-2,5.899548233E-2,9.842911719E-2
4.007009583E0,-4.686604558E-2,5.846929687E-2,6.004154921E-2,9.602120878E-2
4.016966583E0,-3.002597771E-2,6.177928688E-2,5.569823742E-2,8.843377905E-2
4.026924583E0,-4.588609335E-2,5.234704281E-2,6.632379770E-2,9.614880445E-2
4.036881583E0,-4.959085265E-2,5.365601513E-2,6.632145882E-2,9.867500456E-2
4.046839583E0,-4.062046096E-2,6.052185229E-2,5.973281622E-2,9.423866397E-2
4.056796583E0,-3.890146635E-2,6.121620001E-2,6.212491214E-2,9.550001014E-2
4.066754583E0,-4.201358293E-2,5.987381177E-2,5.508837283E-2,9.156824399E-2
4.076711583E0,-4.667343008E-2,6.278182855E-2,6.526545167E-2,1.018800582E-1
4.086669583E0,-4.646707362E-2,5.538968259E-2,6.316922486E-2,9.600810818E-2
4.096627583E0,-3.703705880E-2,5.576128228E-2,6.436498046E-2,9.286503667E-2
4.106584583E0,-4.463099308E-2,5.931107665E-2,6.436381102E-2,9.824677871E-2
4.116542583E0,-4.745259897E-2,5.184366607E-2,6.586069822E-2,9.631794449E-2
4.126499583E0,-4.346245444E-2,6.218249351E-2,7.753583372E-2,1.084778916E-1
4.136461583E0,-4.734946871E-2,6.112389623E-2,5.852419674E-2,9.697001847E-2
4.146418583E0,-3.714589010E-2,5.580592212E-2,6.466084957E-2,9.314045073E-2
4.156376583E0,-4.128693847E-2,6.506021440E-2,6.735407710E-2,1.023426328E-1
4.166333583E0,-3.685635243E-2,5.248436102E-2,5.971878290E-2,8.763179729E-2
4.176291583E0,-4.544693548E-2,4.829061461E-2,5.432940423E-2,8.572684276E-2
4.186248583E0,-3.937233623E-2,4.751694119E-2,6.630391717E-2,9.057731500E-2
4.196206583E0,-4.551769593E-2,5.172239116E-2,6.256111443E-2,9.306427579E-2
4.206163583E0,-3.957560920E-2,5.503460128E-2,6.839838982E-2,9.629836921E-2
4.216121583E0,-3.518720762E-2,4.892771901E-2,6.121333122E-2,8.590188116E-2
4.226078583E0,-4.391512487E-2,4.814073860E-2,5.447616935E-2,8.493363251E-2
4.236036583E0,-4.545076358E-2,6.004803139E-2,6.540227652E-2,9.974465278E-2
4.245993583E0,-4.283304736E-2,5.970351162E-2,6.315519154E-2,9.689044052E-2
4.255951583E0,-3.779158716E-2,5.340201756E-2,6.689740956E-2,9.356945519E-2
4.265908583E0,-3.587185718E-2,5.929595155E-2,7.003911853E-2,9.853059491E-2
4.275866583E0,-3.987689156E-2,5.837166664E-2,5.432063341E-2,8.915239291E-2
4.285823583E0,-4.256319836E-2,4.822498875E-2,5.910891831E-2,8.735639426E-2
4.295781583E0,-3.716819860E-2,5.188992759E-2,6.240031600E-2,8.926275264E-2
4.305738583E0,-4.076610231E-2,4.772318801E-2,6.479299664E-2,9.020814922E-2
4.315696583E0,-3.301139015E-2,5.134424076E-2,7.137871563E-2,9.391966772E-2
4.325653583E0,-4.212193001E-2,5.445161561E-2,7.092789531E-2,9.884331926E-2
4.335611583E0,-3.656024120E-2,5.129568603E-2,5.910190165E-2,8.637669489E-2
4.345568583E0,-3.902727742E-2,5.056485716E-2,6.299205422E-2,8.971026729E-2
4.355526583E0,-3.624606300E-2,5.642466717E-2,6.733127296E-2,9.503168138E-2
4.365483583E0,-4.217595736E-2,5.377345737E-2,6.718099952E-2,9.583153340E-2
4.375441583E0,-4.055801909E-2,5.257950618E-2,6.358730078E-2,9.193966610E-2
4.385398583E0,-3.218191693E-2,5.885523138E-2,6.388550878E-2,9.263353750E-2
4.395356583E0,-4.488308117E-2,5.099951085E-2,6.328499973E-2,9.284628303E-2
4.405313583E0,-3.324756513E-2,4.798710757E-2,5.984098971E-2,8.360087996E-2
4.415271583E0,-4.231918217E-2,5.420965965E-2,6.552857637E-2,9.499260340E-2
4.425228583E0,-4.290997479E-2,4.981374120E-2,6.103733003E-2,8.971193012E-2
4.435186583E0,-4.350900376E-2,5.392832179E-2,5.953927338E-2,9.135766182E-2
4.445143583E0,-3.305732277E-2,5.527438737E-2,6.822004974E-2,9.381907948E-2
4.455101583E0,-3.391778395E-2,4.962311283E-2,6.866794646E-2,9.125873255E-2
4.465058583E0,-4.555492625E-2,4.893719789E-2,5.309973478E-2,8.537963737E-2
4.475016583E0,-4.366188104E-2,5.558204228E-2,5.339911222E-2,8.858435791E-2
4.484973583E0,-4.622309397E-2,5.278525965E-2,5.953634977E-2,9.201866657E-2
4.494931583E0,-3.974492721E-2,5.656639819E-2,6.118351042E-2,9.231922114E-2
4.504888583E0,-3.598101511E-2,4.197889249E-2,5.684195280E-2,7.929608100E-2
4.514846583E0,-3.561641380E-2,4.386157259E-2,6.417670012E-2,8.550447544E-2
4.524803583E0,-3.468976945E-2,4.742282385E-2,6.687109709E-2,8.901712168E-2
4.534761583E0,-4.364248473E-2,4.989483934E-2,5.968545377E-2,8.919929853E-2
4.544719583E0,-4.587873865E-2,4.437944861E-2,5.998249233E-2,8.759162919E-2
4.554676583E0,-3.675741571E-2,5.346253624E-2,6.701727748E-2,9.327735991E-2
4.564634583E0,-4.008499762E-2,5.128556760E-2,5.144789636E-2,8.296928660E-2
4.574591583E0,-4.266867665E-2,4.370015746E-2,6.551805139E-2,8.957083670E-2
4.584549583E0,-3.521279147E-2,5.550559450E-2,5.324240685E-2,8.459057625E-2
4.594506583E0,-3.601109401E-2,4.667395541E-2,5.653497398E-2,8.167900764E-2
4.604464583E0,-3.601487414E-2,4.244276399E-2,6.820952475E-2,8.803975603E-2
4.614421583E0,-4.010599277E-2,5.173089246E-2,6.461641073E-2,9.197747783E-2
4.624379583E0,-4.065177097E-2,4.401623602E-2,6.206994832E-2,8.627093369E-2
4.634336583E0,-3.659156949E-2,4.774626167E-2,6.611037433E-2,8.938249300E-2
4.644294583E0,-4.271838712E-2,5.585845113E-2,6.102037311E-2,9.310485000E-2
4.654251583E0,-4.387273712E-2,4.722830800E-2,6.730554521E-2,9.319531402E-2
4.664209583E0,-4.031472467E-2,5.315635228E-2,7.478881180E-2,1.002209618E-1
4.674166583E0,-3.724554630E-2,5.512162430E-2,6.281312943E-2,9.149378893E-2
4.684124583E0,-4.085220256E-2,4.945668646E-2,5.592627883E-2,8.510355429E-2
4.694081583E0,-3.895741689E-2,4.460870514E-2,6.790079176E-2,9.010069050E-2
4.704039583E0,-4.063062506E-2,5.202670219E-2,5.981701612E-2,8.908255077E-2
4.713996583E0,-3.585880830E-2,5.745828131E-2,5.861892164E-2,8.957391472E-2
4.723954583E0,-4.621551087E-2,4.951154065E-2,6.310899854E-2,9.257435821E-2
4.733911583E0,-3.735110910E-2,5.286357122E-2,5.996612012E-2,8.823603615E-2
4.743869583E0,-4.102686985E-2,4.671081115E-2,6.116362989E-2,8.721292077E-2
4.753826583E0,-3.751714718E-2,4.759652727E-2,6.370833814E-2,8.793018873E-2
4.763784583E0,-3.340448978E-2,4.005549659E-2,6.580398023E-2,8.396705639E-2
4.773741583E0,-3.766788200E-2,4.544803184E-2,6.250965893E-2,8.597587099E-2
4.783699583E0,-3.914228484E-2,4.812478666E-2,6.640156567E-2,9.086958500E-2
4.793656583E0,-4.094310849E-2,3.824559605E-2,6.131273389E-2,8.305609602E-2
4.803614583E0,-3.627931675E-2,4.612272743E-2,5.921650708E-2,8.336719691E-2
4.813571583E0,-3.835223464E-2,4.472686001E-2,5.248051465E-2,7.890241014E-2
4.823529583E0,-3.878935969E-2,4.044185136E-2,5.861716747E-2,8.109334183E-2
4.833486583E0,-3.023060742E-2,5.000095717E-2,5.681856394E-2,8.150051871E-2
4.843444583E0,-3.172663125E-2,4.893717505E-2,5.412299752E-2,7.956585381E-2
4.853401583E0,-3.742644682E-2,4.059807252E-2,5.262552559E-2,7.627836100E-2
4.863359583E0,-3.670801131E-2,4.980629057E-2,5.621688545E-2,8.359714638E-2
4.873316583E0,-4.091928109E-2,4.025971059E-2,5.786229193E-2,8.150629846E-2
4.883274583E0,-3.787063878E-2,4.878279485E-2,5.935976386E-2,8.565937147E-2
4.893232583E0,-3.166174771E-2,4.410639277E-2,5.831077337E-2,7.967425207E-2
4.903189583E0,-3.733236831E-2,3.594708755E-2,6.280026555E-2,8.142341298E-2
4.913147583E0,-3.123928866E-2,3.636061361E-2,5.920539737E-2,7.617917337E-2
4.923104583E0,-2.722181754E-2,4.659967293E-2,5.725768983E-2,7.868290737E-2
4.933062583E0,-3.569614379E-2,4.112638672E-2,6.025029480E-2,8.121386821E-2
4.943019583E0,-4.115617098E-2,4.113468703E-2,5.950068176E-2,8.322393896E-2
4.952977583E0,-3.326485096E-2,3.461284430E-2,6.174601257E-2,7.821233514E-2
4.962934583E0,-4.785196837E-2,4.955179051E-2,5.471064270E-2,8.796843322E-2
4.972892583E0,-3.803836250E-2,4.653119656E-2,6.503916442E-2,8.855598333E-2
4.982849583E0,-3.631912122E-2,5.013156021E-2,5.965037048E-2,8.596754384E-2
4.992807583E0,-3.632816156E-2,4.608378406E-2,6.129753113E-2,8.485775037E-2
5.002764583E0,-3.415659474E-2,4.618463483E-2,6.084846497E-2,8.367932330E-2
5.012722583E0,-3.407048307E-2,4.183090312E-2,6.354286194E-2,8.335656888E-2
5.022679583E0,-3.902665615E-2,4.567758530E-2,5.695655823E-2,8.278629847E-2
5.032637583E0,-3.156408322E-2,4.387947969E-2,5.530939758E-2,7.733582319E-2
5.042594583E0,-3.133405924E-2,3.622818331E-2,5.815231383E-2,7.533920717E-2
5.052552583E0,-3.775981120E-2,4.076122811E-2,6.189394712E-2,8.317536744E-2
5.062509583E0,-3.729407819E-2,4.997046028E-2,6.009768248E-2,8.660038457E-2
5.072467583E0,-3.549840968E-2,4.407823021E-2,5.321200132E-2,7.768233102E-2
5.082424583E0,-3.934442491E-2,4.077072983E-2,6.219273984E-2,8.413187905E-2
5.092382583E0,-3.217800432E-2,5.008449926E-2,6.443748593E-2,8.772725130E-2
5.102339583E0,-3.163372904E-2,4.331906975E-2,5.560468197E-2,7.726004966E-2
5.112297583E0,-3.165235790E-2,4.217483817E-2,4.737180233E-2,7.088495180E-2
5.122255583E0,-2.960982955E-2,3.782931084E-2,5.829849422E-2,7.554146671E-2
5.132212583E0,-3.316799960E-2,4.248216874E-2,6.323646784E-2,8.308851739E-2
5.142166958E0,-3.035520793E-2,4.249682789E-2,6.039062798E-2,7.984013387E-2
5.152123958E0,-3.497273586E-2,4.405406476E-2,5.799385428E-2,8.079071735E-2
5.162081958E0,-2.883467604E-2,3.838433494E-2,6.009008110E-2,7.691302593E-2
5.172038958E0,-3.884334137E-2,3.197569523E-2,6.128642142E-2,7.929234329E-2
5.181996958E0,-3.863279136E-2,4.147318600E-2,6.802124441E-2,8.854042814E-2
5.191953958E0,-3.288062951E-2,4.330073325E-2,6.023626149E-2,8.114491047E-2
5.201911958E0,-3.421331502E-2,3.712391279E-2,5.544505298E-2,7.498593019E-2
5.211868958E0,-3.339111427E-2,3.950978691E-2,5.724073291E-2,7.715238997E-2
5.221826958E0,-3.708702508E-2,3.880245654E-2,5.948547900E-2,8.012240807E-2
5.231783958E0,-3.012029604E-2,4.050417446E-2,5.738925219E-2,7.642870304E-2
5.241741958E0,-3.892366750E-2,4.083185608E-2,6.068181932E-2,8.285273416E-2
5.251698958E0,-3.220266541E-2,4.541447430E-2,6.292715013E-2,8.401971411E-2
5.261656958E0,-3.743208618E-2,4.277730238E-2,5.349676073E-2,7.805742811E-2
5.271613958E0,-3.633934893E-2,4.025569977E-2,5.963341355E-2,8.060529546E-2
5.281571958E0,-2.701364752E-2,3.885316744E-2,6.337446213E-2,7.909252950E-2
5.291528958E0,-2.724776912E-2,3.607322296E-2,6.307566941E-2,7.760321133E-2
5.301486958E0,-3.382675468E-2,4.217050758E-2,7.056010544E-2,8.888942300E-2
5.311443958E0,-2.957255811E-2,4.221935924E-2,6.142850876E-2,8.019022494E-2
5.321401958E0,-3.232442225E-2,3.699028107E-2,6.636823654E-2,8.257052737E-2
5.331358958E0,-3.858900576E-2,3.770880338E-2,6.307566941E-2,8.300364624E-2
5.341316958E0,-3.080172050E-2,3.959357112E-2,5.828621507E-2,7.690045336E-2
5.351274958E0,-3.203583704E-2,3.651176413E-2,5.663963914E-2,7.461536367E-2
5.361231958E0,-2.136738423E-2,3.593973285E-2,6.307683885E-2,7.567639728E-2
5.371189958E0,-3.180533112E-2,3.879222848E-2,5.993396044E-2,7.815686593E-2
5.381146958E0,-3.605429716E-2,4.332453781E-2,6.038361132E-2,8.260210916E-2
5.391104958E0,-2.846494472E-2,4.166250331E-2,6.128115892E-2,7.938134352E-2
5.401061958E0,-3.303398872E-2,3.707722186E-2,6.277863085E-2,8.004449565E-2
5.411019958E0,-3.166795124E-2,4.744864297E-2,4.735952318E-2,7.414281685E-2
5.420976958E0,-3.501276416E-2,5.062626663E-2,6.741781175E-2,9.129114891E-2
5.430934958E0,-2.912435990E-2,4.470120535E-2,6.487134933E-2,8.399236908E-2
5.440891958E0,-4.260918123E-2,3.933608806E-2,5.843414962E-2,8.232508725E-2
5.450849958E0,-3.722093546E-2,4.215971764E-2,5.289508224E-2,7.720576113E-2
5.460806958E0,-3.007879908E-2,4.452065886E-2,5.484045088E-2,7.677433343E-2
5.470764958E0,-3.252466883E-2,4.750859977E-2,6.711375654E-2,8.842611295E-2
5.480721958E0,-3.191732357E-2,3.966549644E-2,5.858149946E-2,7.761352479E-2
5.490679958E0,-3.397567139E-2,4.022079006E-2,6.651383221E-2,8.483011302E-2
5.500636958E0,-2.908077530E-2,3.286422076E-2,7.115418255E-2,8.359824276E-2
5.510594958E0,-3.712383057E-2,3.513072488E-2,6.845920086E-2,8.543423675E-2
5.520551958E0,-4.368834426E-2,3.880519286E-2,6.471639812E-2,8.719361561E-2
5.530509958E0,-3.226312014E-2,3.279124476E-2,6.800838053E-2,8.210550820E-2
5.540467958E0,-3.437345107E-2,3.518158652E-2,6.172086954E-2,7.892239166E-2
5.550424958E0,-3.865210088E-2,4.825195903E-2,6.351654947E-2,8.863739904E-2
5.560382958E0,-3.211804752E-2,3.760600202E-2,5.887619913E-2,7.689074839E-2
5.570339958E0,-4.105119975E-2,3.519230337E-2,5.812892497E-2,7.938936412E-2
5.580297958E0,-3.094444053E-2,3.962589069E-2,5.229164958E-2,7.254092795E-2
5.590254958E0,-3.594545216E-2,3.424571682E-2,6.336861491E-2,8.050109320E-2
5.600212958E0,-3.343926244E-2,3.068823884E-2,5.753075480E-2,7.327850997E-2
5.610169958E0,-3.221689287E-2,4.127598865E-2,6.022398233E-2,7.980327984E-2
5.620127958E0,-3.084911493E-2,3.085869888E-2,6.696055949E-2,7.992273591E-2
5.630084958E0,-2.534523133E-2,3.021988600E-2,5.708051920E-2,6.938161092E-2
5.640042958E0,-3.602453347E-2,3.827427481E-2,5.273954630E-2,7.445902811E-2
5.649999958E0,-4.049565945E-2,4.159575369E-2,5.573332071E-2,8.047551303E-2
5.659957958E0,-2.990974831E-2,3.973882418E-2,6.770841837E-2,8.401307701E-2
5.669914958E0,-3.259083602E-2,3.546622715E-2,6.950526774E-2,8.456357434E-2
5.679872958E0,-3.510230879E-2,3.940982693E-2,5.977550089E-2,7.973968302E-2
5.689829958E0,-3.629393479E-2,4.162679418E-2,6.232020915E-2,8.326973138E-2
5.699787958E0,-3.611176433E-2,3.616222854E-2,6.022339761E-2,7.898496006E-2
5.709744958E0,-2.895190587E-2,4.424604986E-2,6.067187905E-2,8.047982784E-2
5.719702958E0,-3.095007761E-2,3.445712107E-2,6.860479653E-2,8.277571264E-2
5.729660958E0,-2.779024684E-2,2.692832386E-2,5.722845376E-2,6.908348836E-2
5.739617958E0,-2.366896023E-2,3.938665734E-2,6.082156777E-2,7.622854820E-2
5.749575958E0,-2.739492938E-2,4.302820732E-2,5.917440712E-2,7.812502313E-2
5.759532958E0,-2.549751019E-2,4.864131964E-2,5.827452064E-2,8.007509449E-2
5.769490958E0,-2.879418179E-2,4.468959315E-2,5.977023840E-2,7.999216236E-2
5.779447958E0,-3.788061102E-2,3.247812180E-2,5.692498326E-2,7.569823516E-2
5.789405958E0,-4.008482859E-2,3.765880968E-2,5.842128575E-2,8.023731089E-2
5.799362958E0,-3.792427784E-2,4.109817391E-2,6.261140049E-2,8.394937891E-2
5.809320958E0,-3.670726442E-2,3.247607527E-2,5.318042636E-2,7.232065040E-2
5.819277958E0,-3.050208268E-2,4.087309722E-2,6.440708041E-2,8.215387472E-2
5.829235958E0,-2.837573357E-2,3.577465864E-2,6.246112704E-2,7.737183498E-2
5.839192958E0,-2.306664677E-2,3.757406160E-2,5.407914340E-2,6.977416463E-2
5.849150958E0,-2.769400304E-2,4.096799570E-2,5.602626622E-2,7.472802006E-2
5.859107958E0,-2.732093926E-2,4.025237873E-2,5.677470982E-2,7.476667300E-2
5.869065958E0,-3.342077976E-2,3.857444254E-2,6.890008092E-2,8.574472163E-2
5.879022958E0,-3.217096710E-2,3.819166462E-2,5.991934240E-2,7.799937156E-2
5.888980958E0,-2.932937790E-2,3.856558492E-2,6.381241858E-2,8.012204137E-2
5.898938958E0,-3.221386420E-2,3.783446370E-2,6.800487220E-2,8.422495077E-2
5.908895958E0,-3.530367456E-2,2.730083261E-2,6.097067177E-2,7.555863759E-2
5.918853958E0,-3.372370436E-2,3.839780181E-2,5.513281167E-2,7.517517104E-2
5.928810958E0,-2.898252609E-2,4.361787161E-2,5.992402017E-2,7.958262207E-2
5.938768958E0,-3.282300702E-2,3.509284589E-2,6.276810586E-2,7.904867321E-2
5.948725958E0,-3.390798530E-2,3.918230172E-2,5.992285073E-2,7.921964576E-2
5.958683958E0,-2.440901902E-2,4.598094159E-2,7.159798622E-2,8.852298475E-2
5.968640958E0,-2.507044417E-2,4.555858989E-2,5.273720741E-2,7.406298218E-2
5.978598958E0,-2.627048469E-2,3.698765439E-2,6.725584388E-2,8.112689738E-2
5.988555958E0,-3.696398459E-2,3.963411790E-2,6.485965490E-2,8.452203436E-2
5.998513958E0,-2.861063404E-2,4.315449804E-2,5.887210608E-2,7.840155582E-2
6.008470958E0,-3.150462891E-2,4.079515566E-2,6.141564488E-2,8.017897358E-2
6.018428958E0,-2.953704998E-2,3.705524912E-2,6.830074131E-2,8.312953791E-2
6.028385958E0,-3.549324769E-2,3.714330910E-2,5.647416294E-2,7.634610089E-2
6.038343958E0,-3.638543686E-2,2.776668211E-2,6.455559969E-2,7.913478440E-2
6.048301958E0,-3.026765273E-2,4.241291578E-2,5.931532502E-2,7.895121284E-2
6.058258958E0,-3.197331066E-2,3.149372020E-2,5.976380646E-2,7.473860829E-2
6.068216958E0,-2.404830520E-2,4.823520311E-2,5.781726837E-2,7.904297770E-2
6.078173958E0,-2.770776456E-2,3.188551106E-2,5.302664459E-2,6.779550921E-2
6.088131958E0,-2.644771928E-2,3.840831766E-2,6.575018585E-2,8.060873191E-2
6.098088958E0,-2.322624149E-2,4.242030246E-2,6.380481720E-2,8.006244471E-2
6.108046958E0,-3.261234509E-2,4.043177862E-2,6.141038239E-2,8.043338138E-2
6.118003958E0,-2.504827272E-2,4.100564629E-2,6.006318390E-2,7.691856118E-2
6.127961958E0,-2.946946896E-2,4.339694279E-2,6.874571443E-2,8.647379659E-2
6.137918958E0,-3.348770068E-2,3.800054289E-2,6.485439241E-2,8.228948640E-2
6.147876958E0,-2.207585663E-2,4.285634943E-2,5.781960726E-2,7.528025714E-2
6.157833958E0,-2.345035659E-2,4.383378461E-2,6.740027010E-2,8.375032124E-2
6.167791958E0,-2.525220807E-2,3.484812621E-2,5.811956942E-2,7.231839505E-2
6.177748958E0,-3.219384662E-2,3.524765092E-2,4.734256625E-2,6.723212948E-2
6.187706958E0,-3.601314282E-2,3.742040317E-2,5.407972813E-2,7.497899721E-2
6.197664958E0,-2.868167542E-2,4.175038513E-2,5.946910679E-2,7.811726971E-2
6.207621958E0,-2.985351226E-2,4.266991461E-2,4.420085728E-2,6.830570687E-2
6.217579958E0,-2.771498678E-2,4.288581391E-2,5.452996373E-2,7.470495614E-2
6.227536958E0,-3.621227477E-2,3.656538036E-2,6.381066442E-2,8.197656237E-2
6.237494958E0,-2.571340035E-2,3.416197373E-2,7.473794103E-2,8.610446699E-2
6.247451958E0,-3.240551126E-2,3.546138493E-2,5.393179357E-2,7.222371729E-2
6.257409958E0,-2.766655311E-2,3.156676015E-2,6.351128697E-2,7.612872047E-2
6.267366958E0,-1.993382282E-2,3.453064524E-2,6.291136265E-2,7.448195958E-2
6.277324958E0,-2.847876105E-2,3.628636310E-2,5.827042758E-2,7.431811831E-2
6.287281958E0,-3.192209499E-2,3.698472165E-2,6.141330600E-2,7.847600867E-2
6.297239958E0,-2.389279895E-2,3.052083945E-2,5.781960726E-2,6.960958602E-2
6.307196958E0,-3.652207213E-2,3.984173060E-2,6.949415803E-2,8.803785124E-2
6.317154958E0,-2.438868624E-2,3.404789820E-2,5.706940949E-2,7.078831039E-2
6.327112958E0,-3.036889407E-2,4.052127299E-2,6.095956206E-2,7.924841638E-2
6.337069958E0,-2.582972111E-2,3.904867457E-2,6.200621367E-2,7.769648648E-2
6.347027958E0,-3.383460502E-2,3.909593652E-2,5.901185453E-2,7.845808897E-2
6.356984958E0,-2.677360790E-2,4.338165780E-2,6.350193143E-2,8.143273057E-2
6.366942958E0,-2.461952106E-2,2.988383555E-2,5.541757107E-2,6.760378412E-2
6.376899958E0,-2.893440533E-2,3.170830845E-2,5.736352444E-2,7.164628792E-2
6.386857958E0,-2.300953363E-2,3.904285020E-2,6.215414822E-2,7.692152449E-2
6.396814958E0,-2.773027862E-2,3.986834000E-2,6.065726101E-2,7.770299995E-2
6.406772958E0,-2.553479532E-2,2.550413855E-2,6.739383817E-2,7.644878206E-2
6.416729958E0,-2.914402116E-2,3.344250125E-2,6.724414945E-2,8.055774633E-2
6.426687958E0,-3.205735753E-2,3.947127752E-2,5.796286404E-2,7.710609268E-2
6.436644958E0,-3.473477017E-2,3.383583157E-2,6.424862087E-2,8.049380746E-2
6.446602958E0,-2.219415540E-2,4.011342970E-2,6.604430079E-2,8.039600390E-2
6.456560958E0,-2.548264090E-2,3.121811078E-2,5.451768458E-2,6.779464108E-2
6.466517958E0,-3.785469141E-2,3.178785342E-2,5.496616602E-2,7.392377624E-2
6.476475958E0,-3.303651947E-2,3.392517976E-2,5.197239161E-2,7.030973567E-2
6.486432958E0,-2.539923357E-2,3.610238138E-2,6.754118800E-2,8.068652356E-2
6.496390958E0,-2.593408935E-2,3.733627179E-2,6.125426173E-2,7.628013347E-2
6.506347958E0,-2.830372374E-2,3.683601965E-2,6.843990505E-2,8.271646586E-2
6.516305958E0,-2.592363060E-2,3.239585422E-2,6.005675197E-2,7.299547555E-2
6.526262958E0,-2.795364454E-2,3.839063897E-2,5.751145899E-2,7.458428333E-2
6.536220958E0,-2.526089210E-2,4.206683370E-2,7.352815211E-2,8.839751309E-2
6.546177958E0,-2.202843023E-2,3.559396141E-2,6.559464991E-2,7.781285192E-2
6.556135958E0,-2.976390596E-2,3.332415909E-2,5.975562036E-2,7.461316132E-2
6.566092958E0,-2.810868027E-2,4.112892204E-2,6.020410180E-2,7.814230614E-2
6.576050958E0,-3.641986463E-2,4.011337488E-2,6.140102684E-2,8.188757831E-2
6.586008958E0,-2.491933248E-2,3.502599120E-2,5.316697776E-2,6.837046669E-2
6.595965958E0,-2.618819198E-2,3.347979552E-2,5.870429099E-2,7.247697488E-2
6.605923958E0,-2.448183969E-2,3.544603142E-2,5.256646872E-2,6.796333755E-2
6.615880958E0,-3.606738716E-2,3.111092858E-2,6.259619772E-2,7.865767771E-2
6.625838958E0,-3.169157765E-2,2.873477545E-2,6.304467916E-2,7.618841766E-2
6.635795958E0,-3.023587676E-2,3.768481152E-2,6.049880147E-2,7.742388677E-2
6.645753958E0,-2.943177955E-2,3.215202532E-2,6.304292500E-2,7.664458736E-2
6.655710958E0,-1.932791424E-2,3.631370340E-2,6.304350972E-2,7.527773537E-2
6.665668958E0,-2.581834417E-2,3.208790695E-2,6.304350972E-2,7.530408213E-2
6.675625958E0,-2.657872203E-2,3.857683168E-2,6.184599996E-2,7.758561798E-2
6.685583958E0,-3.551767580E-2,3.803149659E-2,6.379136860E-2,8.232398639E-2
6.695541958E0,-2.811882382E-2,3.300004518E-2,5.286467671E-2,6.836918369E-2
6.705498958E0,-2.190565697E-2,3.411715573E-2,7.621670187E-2,8.632973860E-2
6.715456958E0,-2.600513758E-2,3.158525654E-2,5.975094259E-2,7.241595647E-2
6.725413958E0,-3.172648964E-2,4.802587735E-2,6.259502828E-2,8.503641929E-2
6.735371958E0,-2.370839239E-2,3.314148841E-2,5.930304587E-2,7.195343893E-2
6.745328958E0,-2.378451811E-2,3.391099570E-2,6.304467916E-2,7.543401422E-2
6.755286958E0,-2.566369445E-2,3.349190565E-2,6.768502951E-2,7.975961495E-2
6.765243958E0,-2.563709876E-2,4.023764649E-2,5.600989401E-2,7.357606442E-2
6.775201958E0,-2.223821736E-2,3.909445644E-2,5.675892234E-2,7.241885184E-2
6.785158958E0,-3.015550039E-2,3.235206405E-2,6.020234764E-2,7.470162591E-2
6.795116958E0,-2.987990010E-2,3.358219945E-2,5.631044090E-2,7.205163638E-2
6.805073958E0,-2.564619163E-2,3.552768230E-2,6.544145286E-2,7.875612426E-2
6.815031958E0,-3.071569563E-2,3.634400843E-2,6.229857445E-2,7.839294155E-2
6.824989958E0,-3.058235855E-2,2.969205145E-2,6.813584983E-2,8.037034656E-2
6.834946958E0,-2.447160250E-2,3.735464483E-2,6.020234764E-2,7.495699754E-2
6.844904958E0,-3.185159721E-2,2.815359419E-2,6.484152853E-2,7.753433390E-2
6.854861958E0,-2.878789603E-2,3.000409633E-2,6.094845235E-2,7.378145159E-2
6.864819958E0,-2.597955373E-2,3.992336322E-2,5.570934713E-2,7.329627207E-2
6.874776958E0,-3.252689808E-2,3.258876208E-2,5.810378194E-2,7.413552447E-2
6.884734958E0,-2.716948953E-2,4.081566203E-2,5.795350850E-2,7.591250605E-2
6.894691958E0,-2.663809183E-2,3.772511163E-2,6.244300067E-2,7.766530961E-2
6.904649958E0,-2.868403715E-2,3.399036708E-2,6.259210467E-2,7.678470296E-2
6.914606958E0,-2.428428831E-2,3.190875831E-2,5.690217912E-2,6.961144665E-2
6.924564958E0,-2.306793955E-2,2.747900366E-2,6.109170914E-2,7.084788213E-2
6.934522958E0,-2.146468783E-2,3.044488960E-2,5.226007462E-2,6.417740666E-2
6.944479958E0,-2.145418797E-2,3.611032537E-2,5.450482070E-2,6.881143262E-2
6.954437958E0,-2.367335249E-2,3.572306610E-2,5.869552016E-2,7.267550589E-2
6.964394958E0,-2.128753547E-2,2.986827191E-2,6.049120009E-2,7.074219478E-2
6.974352958E0,-2.822129399E-2,2.693261334E-2,5.824528456E-2,7.010221301E-2
6.984309958E0,-2.519844109E-2,3.401607656E-2,5.584968030E-2,7.008025177E-2
6.994267958E0,-2.561403880E-2,3.515572630E-2,6.917197645E-2,8.171148267E-2
7.004224958E0,-2.647606228E-2,3.918697036E-2,6.273594618E-2,7.856461966E-2
7.014182958E0,-2.173453912E-2,3.802992515E-2,5.540178359E-2,7.062593732E-2
7.024139958E0,-2.724380398E-2,3.444651843E-2,4.642104506E-2,6.390384114E-2
7.034097958E0,-2.584721023E-2,3.252192567E-2,6.468365371E-2,7.687476168E-2
7.044055958E0,-2.725862302E-2,2.928354578E-2,6.214011490E-2,7.390502326E-2
7.054012958E0,-2.013991433E-2,3.261157993E-2,5.510532975E-2,6.712472467E-2
7.063970958E0,-2.044742306E-2,4.103590563E-2,5.989536881E-2,7.542876020E-2
7.073927958E0,-3.007980179E-2,4.111852496E-2,6.603202164E-2,8.340117177E-2
7.083885958E0,-2.710713445E-2,3.175769458E-2,5.510474503E-2,6.913668222E-2
7.093842958E0,-2.384986760E-2,3.693294638E-2,5.196069717E-2,6.806447505E-2
7.103800958E0,-2.372830490E-2,2.412124921E-2,6.049295425E-2,6.931280279E-2
7.113757958E0,-2.320711242E-2,3.657976542E-2,6.094143569E-2,7.476969901E-2
7.123715958E0,-2.793070564E-2,3.870071956E-2,4.971419692E-2,6.891568317E-2
7.133673958E0,-2.987884943E-2,2.716883628E-2,6.483217299E-2,7.638129328E-2
7.143630458E0,-2.257525681E-2,2.791531102E-2,6.049120009E-2,7.034267622E-2
7.153588458E0,-2.318849726E-2,3.499001255E-2,5.914400160E-2,7.252599747E-2
7.163545458E0,-2.693452282E-2,3.006717317E-2,6.528182387E-2,7.675428294E-2
7.173503458E0,-3.897600921E-2,2.313016443E-2,6.812532485E-2,8.182416322E-2
7.183460458E0,-2.863278037E-2,3.242250473E-2,6.408372939E-2,7.731609985E-2
7.193418458E0,-2.605827416E-2,3.064191336E-2,6.049003065E-2,7.264299219E-2
7.203375458E0,-2.536788929E-2,3.150708200E-2,6.093968153E-2,7.314281105E-2
7.213333458E0,-2.823271890E-2,3.174516875E-2,6.587882459E-2,7.838916816E-2
7.223290458E0,-1.719673661E-2,2.677512224E-2,6.393228650E-2,7.141408949E-2
7.233248458E0,-2.922725719E-2,3.272416167E-2,6.797271252E-2,8.090360293E-2
7.243206458E0,-2.858574226E-2,3.182710743E-2,5.390138805E-2,6.881474450E-2
7.253163458E0,-2.684868067E-2,2.851852897E-2,6.333177745E-2,7.446524145E-2
7.263121458E0,-2.284807510E-2,3.452657046E-2,5.405049205E-2,6.808505192E-2
7.273078458E0,-2.798961862E-2,2.433711197E-2,5.329912484E-2,6.493466315E-2
7.283036458E0,-3.686728855E-2,4.146776819E-3,7.200670660E-2,8.100221304E-2
7.292993458E0,-2.236048584E-2,4.228566118E-2,5.479250371E-2,7.273435867E-2
7.302951458E0,-1.402947348E-2,5.467688416E-2,3.978796363E-2,6.906134836E-2
7.312908458E0,2.323287900E-2,1.795046600E-1,2.316643453E-1,2.939898952E-1
7.322866458E0,-7.846905847E-2,1.321519251E-1,5.654813021E-1,5.859954160E-1
7.332823458E0,7.187770240E-2,-2.793475849E-1,-6.739453983E-1,7.330783568E-1
7.342781458E0,-9.429632921E-2,-1.578653437E-2,7.375560880E-2,1.207514066E-1
7.352739458E0,9.926765480E-3,-5.509166189E-2,2.173123544E-1,2.244065313E-1
7.362696458E0,-5.064182114E-2,1.073491053E-1,-2.548216581E-2,1.213991978E-1
7.372654458E0,-1.982562604E-1,7.314533307E-2,1.852397919E-2,2.121294942E-1
7.382611458E0,9.834068839E-3,-5.068595848E-2,4.396813810E-2,6.781572432E-2
7.392569458E0,-3.322614742E-2,7.883071790E-2,6.417260706E-2,1.069410232E-1
7.402526458E0,-2.501331276E-2,1.036831203E-1,4.800096273E-2,1.169613085E-1
7.412484458E0,-6.742707593E-4,3.771603931E-2,4.485516071E-2,5.860835866E-2
7.422441458E0,-1.238632137E-2,3.078487778E-2,6.670679033E-2,7.450453364E-2
7.432399458E0,1.310561112E-2,-9.789545489E-2,1.102626997E-1,1.480308754E-1
7.442357458E0,-1.248639327E-2,-8.073014022E-2,1.879645944E-2,8.382465296E-2
7.452314458E0,-9.682029812E-4,-5.840306436E-1,1.129459870E-1,5.948525247E-1
7.462272458E0,3.051329106E-1,-6.473174706E-1,6.294878483E-2,7.183930334E-1
7.472229458E0,3.469151950E-1,-1.426416107E-1,-2.881040096E-2,3.762005062E-1
7.482187458E0,-2.702342608E-1,7.193557522E-1,8.765034735E-2,7.734221598E-1
7.492144458E0,-7.804670495E-1,1.443688800E0,-3.702749312E-2,1.641565473E0
7.502102458E0,-1.121880965E-1,2.553448012E-1,-5.467789829E-2,2.842126124E-1
7.512059458E0,4.158927516E-1,-3.704034968E-1,2.026738501E-1,5.926569166E-1
7.522017458E0,-1.468616468E-1,2.341551860E-1,-1.149281931E-1,2.993417512E-1
7.531975458E0,-4.228794525E-2,8.188455418E-2,2.581072086E-1,2.740669292E-1
7.541932458E0,2.741808755E-2,-1.837769099E-1,1.349081290E-1,2.296212259E-1
7.551890458E0,1.262249955E-1,-5.899201968E-2,2.001741654E-1,2.438903531E-1
7.561847458E0,-3.467662235E-2,1.460867628E-1,-7.420701385E-2,1.674828090E-1
7.571805458E0,-1.602936330E-1,-7.996406361E-2,1.286141860E-1,2.205219016E-1
7.581762458E0,5.304258282E-3,-7.032681067E-2,4.568605006E-2,8.403100990E-2
7.591720458E0,-6.234874173E-2,3.323712694E-3,1.798837423E-2,6.497687488E-2
7.601677458E0,-2.350003508E-2,2.001488670E-2,1.022572768E-1,1.068147836E-1
7.611635458E0,-3.849228459E-2,5.286994834E-2,5.225364268E-2,8.370979981E-2
7.621593458E0,-1.430582979E-2,4.002663966E-2,9.969561160E-2,1.083789815E-1
7.631550458E0,-1.334512998E-2,-7.767715361E-3,7.947827876E-2,8.096435444E-2
7.641508458E0,-1.014281964E-1,-1.381242529E-2,8.620959342E-2,1.338303258E-1
7.651465458E0,-6.521082588E-2,2.470740060E-2,6.436381102E-2,9.489787999E-2
7.661423458E0,-7.553928366E-2,-1.614805447E-2,5.854232311E-3,7.746750980E-2
7.671380458E0,-1.448259934E-1,-2.265772768E-2,1.141019815E-1,1.857611455E-1
7.681338458E0,-2.896550384E-1,-1.947388495E-1,2.267298800E-1,4.162087208E-1
7.691295458E0,-5.867606903E-2,-3.076239341E-2,1.965366125E-2,6.910479235E-2
7.701253458E0,-2.123960155E-1,-6.594721874E-2,3.233159423E-2,2.247363679E-1
7.711211458E0,-4.730543643E-3,1.872965682E-1,3.735786080E-2,1.910444772E-1
7.721168458E0,2.536116865E-1,3.670012579E-1,6.322436410E-1,7.737834532E-1
7.731126458E0,-4.149985661E-1,-1.547778448E-1,3.138200641E-1,5.428287241E-1
7.741083458E0,3.590168849E-1,7.034798308E-1,-2.600221717E-1,8.314977605E-1
7.751041458E0,7.562342875E-1,8.082919022E-1,-1.738026381E-2,1.107035758E0
7.760998458E0,3.947326648E-1,4.894419171E-1,3.221997088E-1,7.065266586E-1
7.770956458E0,1.817420971E-1,1.546942297E-1,3.312704945E-1,4.082898909E-1
7.780913458E0,-1.468267553E-1,4.159070041E-1,2.816720724E-1,5.233315283E-1
7.790871458E0,-2.761597743E-1,7.021943204E-1,-2.130292690E-1,7.840424440E-1
7.800829458E0,-1.336489859E-1,7.883816213E-1,3.793047863E-1,8.850309335E-1
7.810786458E0,-2.613123964E-1,4.133431828E-1,6.263642657E-1,7.946502052E-1
7.820744458E0,-6.235894695E-2,9.112074293E-2,2.070341188E-1,2.346374957E-1
7.830701458E0,-8.507516049E-2,-1.567825627E-1,5.519970381E-1,5.801028228E-1
7.840659458E0,-2.082417515E-1,-7.307197427E-1,8.943713951E-1,1.173548534E0
7.850616458E0,-1.746255606E-1,-2.805607360E-1,7.234145969E-1,7.953220052E-1
7.860574458E0,-5.565672219E-3,4.383736512E-1,-3.062420726E-2,4.394772768E-1
7.870532458E0,2.791380353E-2,3.799557276E-2,-4.566383064E-2,6.563558033E-2
7.880489458E0,-6.517248094E-2,3.671634816E-2,1.664193588E-1,1.824580650E-1
7.890447458E0,-4.808987696E-1,2.940300896E-1,1.370429474E-1,5.800845538E-1
7.900404458E0,-9.267510827E-1,-1.413141923E-1,7.122066540E-1,1.177317115E0
7.910362458E0,-8.253077383E-1,8.783248812E-2,6.151194853E-1,1.033063110E0
7.920319458E0,-1.241759740E0,2.063190043E-1,5.592914397E-1,1.377440270E0
7.930277458E0,-1.340915799E0,-6.503759298E-1,5.453405678E-1,1.586959472E0
7.940234458E0,-4.775202118E-1,-1.879734383E-1,-3.397407711E-2,5.143090551E-1
7.950192458E0,-2.035466201E-1,1.504547060E-1,-5.759507418E-4,2.531169232E-1
7.960150458E0,-4.695445731E-2,-1.384606779E-1,1.571187776E-1,2.146215056E-1
7.970107458E0,4.385153731E-1,1.625533260E-2,2.229835689E-1,4.922211295E-1
7.980065458E0,8.335163520E-1,2.243456778E-1,2.617968017E-1,9.020077924E-1
7.990022458E0,9.347825257E-1,7.458741908E-1,3.427591038E-1,1.244037975E0
7.999980458E0,9.788519669E-1,1.049705895E0,8.760070449E-1,1.681493973E0
8.009937458E0,5.828515526E-1,2.384089623E-1,2.164955569E0,2.254681215E0
8.019895458E0,1.240292381E-1,-1.900780705E-1,3.772876723E0,3.779697302E0
8.029852458E0,1.775045834E-1,4.875558977E-1,4.501255606E0,4.531061759E0
8.039810458E0,1.454615492E-1,7.958316319E-1,4.880544605E0,4.947142882E0
8.049768458E0,-2.803776450E-2,1.058310950E-1,5.232991961E0,5.234137101E0
8.059725458E0,-6.450852960E-2,-2.679100657E-1,4.859104620E0,4.866912251E0
8.069683458E0,-1.531734420E-1,-2.034680481E-1,3.813275721E0,3.821770934E0
8.079640458E0,-6.808673322E-2,1.964942202E-1,2.372591951E0,2.381688130E0
8.089598458E0,-1.956106328E-1,-1.425061472E-1,1.065202478E0,1.092349688E0
8.099555458E0,-6.608157679E-2,-4.852794304E-2,-1.942608762E-1,2.108530864E-1
8.109513458E0,1.025361159E-1,5.900220662E-2,-5.759799778E-1,5.880032741E-1
8.119471458E0,9.221731514E-2,4.834314179E-1,-4.684543598E-1,6.794552643E-1
8.129428458E0,-1.256837077E-2,5.375079301E-1,-4.130648553E-2,5.392392462E-1
8.139387333E0,-3.890665667E-1,2.766503374E-1,7.201992130E-1,8.640573528E-1
8.149344333E0,-3.966930170E-1,1.616733201E-1,1.265464936E0,1.336003412E0
8.159302333E0,-1.991818929E-1,7.108255416E-2,1.619869355E0,1.633616504E0
8.169259333E0,1.046359241E-2,-2.270723806E-1,1.678799348E0,1.694118829E0
8.179217333E0,1.812833465E-1,-1.020086239E-1,1.242243304E0,1.259538740E0
8.189174333E0,3.140928367E-1,1.985667658E-1,7.459825104E-1,8.334104490E-1
8.199132333E0,5.694861332E-1,3.439228459E-1,3.370902282E-1,7.458064104E-1
8.209090333E0,6.119276364E-1,2.922355060E-1,9.230297685E-2,6.843806417E-1
8.219047333E0,7.464891717E-1,3.965806042E-1,2.120095146E-1,8.714759282E-1
8.229005333E0,7.687071294E-1,2.218996413E-1,6.175051492E-1,1.010674384E0
8.238962333E0,5.376688016E-1,-1.080743793E-1,8.744575328E-1,1.032203366E0
8.248920333E0,8.456959561E-2,-1.564863282E-1,7.627382916E-1,7.832047554E-1
8.258877333E0,-4.549899032E-1,-3.858518406E-1,6.578252095E-1,8.880492448E-1
8.268835333E0,-6.647332563E-1,-7.203206889E-2,2.052016014E-1,6.994044739E-1
8.278793333E0,-7.697076610E-1,2.325021051E-1,3.157905757E-2,8.046765494E-1
8.288750333E0,-7.834411626E-1,2.823413593E-1,-8.718607843E-2,8.373160161E-1
8.298708333E0,-8.065733325E-1,6.196669380E-1,-6.123087287E-2,1.018968535E0
8.308665333E0,-6.506003167E-1,4.657002481E-1,4.862450981E-1,9.362648069E-1
8.318623333E0,-4.674673498E-1,3.212023931E-1,1.116806495E0,1.252578719E0
8.328580333E0,-4.937551888E-1,5.880131822E-1,1.384361635E0,1.583038479E0
8.338538333E0,-5.229175191E-1,6.152422768E-1,1.418165558E0,1.631918914E0
8.348496333E0,-2.274015058E-1,5.092310145E-1,1.464899429E0,1.567468663E0
8.358453333E0,-7.028455541E-2,4.579039362E-1,1.561633426E0,1.628899902E0
8.368411333E0,1.714060105E-2,1.403532024E-1,1.612242247E0,1.618430686E0
8.378368333E0,1.138111556E-1,-1.792012992E-1,1.575599501E0,1.589836429E0
8.388326333E0,5.683639795E-2,-1.925273960E-1,1.622136320E0,1.634510146E0
8.398283333E0,-2.185343494E-1,-6.094311677E-2,1.857094987E0,1.870901685E0
8.408241333E0,-8.050290097E-1,-1.002984595E-1,2.039555597E0,2.194975745E0
8.418198333E0,-1.152690492E0,-9.171343133E-2,1.876947454E0,2.204549493E0
8.428156333E0,-1.484377966E0,2.281590857E-2,1.325417023E0,1.990132859E0
8.438114333E0,-1.561060984E0,2.573144723E-1,5.424023420E-1,1.672519785E0
8.448071333E0,-1.434011074E0,4.842299283E-1,3.402407080E-1,1.551331726E0
8.458029333E0,-1.009009639E0,2.105319232E-1,7.536698449E-1,1.276887770E0
8.467986333E0,-4.970841549E-1,-1.628690026E-1,1.159436790E0,1.271971949E0
8.477944333E0,-6.192917660E-2,-2.735940709E-1,1.506935647E0,1.532822228E0
8.487901333E0,7.698838815E-2,-2.287879537E-1,1.632070740E0,1.649826063E0
8.497859333E0,9.842793524E-2,-3.516313034E-1,1.574281538E0,1.616073944E0
8.507817333E0,-6.875251181E-2,-2.107243697E-1,1.365842333E0,1.383711295E0
8.517774333E0,-3.296056460E-1,-2.530349683E-1,1.070618169E0,1.148429293E0
8.527732333E0,-5.168139761E-1,-1.140634995E-1,7.772785628E-1,9.403558539E-1
8.537689333E0,-4.609537708E-1,-1.041368277E-1,8.031215018E-1,9.318406540E-1
8.547647333E0,5.680935457E-2,-2.747768164E-1,1.156162350E0,1.189723069E0
8.557604333E0,2.607179904E-1,-5.620796113E-1,1.675966372E0,1.786832572E0
8.567562333E0,5.100818574E-2,-5.512582059E-1,1.577394596E0,1.671724007E0
8.577520333E0,-2.651161198E-1,-2.520897293E-1,9.637924629E-1,1.030888791E0
8.587477333E0,-7.292843974E-1,3.834008340E-2,5.264143002E-1,9.002431393E-1
8.597435333E0,-1.076554336E0,1.711192412E-1,3.776541173E-2,1.090723273E0
8.607392333E0,-1.136729786E0,2.121878181E-1,-2.883782440E-1,1.191780302E0
8.617350333E0,-8.439034190E-1,1.490069354E-1,-8.729132831E-2,8.613917944E-1
8.627307333E0,-5.131674331E-1,4.301760010E-2,5.764652967E-1,7.729835488E-1
8.637265333E0,-3.109685232E-1,-3.591457795E-1,1.595228603E0,1.664464301E0
8.647223333E0,-1.423286842E-1,-8.078005169E-1,2.308067926E0,2.449484983E0
8.657180333E0,-4.298573278E-2,-7.420509888E-1,2.079995525E0,2.208816160E0
8.667138333E0,1.567492336E-1,-7.539364048E-1,1.404411153E0,1.601674471E0
8.677095333E0,4.497843464E-1,-4.905000804E-1,5.355792260E-1,8.542490237E-1
8.687053333E0,6.038985322E-1,-2.398976634E-1,-2.805137390E-1,7.077656985E-1
8.697010333E0,5.397730684E-1,7.300058708E-2,-9.421033859E-2,5.527744919E-1
8.706968333E0,6.495119306E-1,5.145636752E-1,4.133221328E-1,9.260003830E-1
8.716926333E0,3.842120621E-1,1.535558864E-1,1.062705132E0,1.140412433E0
8.726883333E0,2.749577147E-1,-1.791819120E-1,1.246213564E0,1.288703282E0
8.736841333E0,3.985763320E-1,-5.242821130E-1,7.943389839E-1,1.031847493E0
8.746798333E0,7.469546100E-1,-4.722924356E-1,-6.262625241E-1,1.083146381E0
8.756756333E0,6.506240711E-1,-4.242245222E-1,-1.365069332E0,1.570570727E0
8.766713333E0,3.855858654E-1,5.033380078E-2,-1.532947571E0,1.581498721E0
8.776671333E0,4.724637955E-2,1.314689795E-1,-1.159032748E0,1.167421613E0
8.786629333E0,-3.212976296E-1,4.983053824E-2,-4.229606831E-1,5.334894458E-1
8.796586333E0,-7.123339771E-1,1.202428736E-1,5.934099430E-1,9.348868402E-1
8.806544333E0,-6.950648104E-1,-8.776241289E-2,1.378422618E0,1.546242622E0
8.816501333E0,-4.186642952E-1,9.893706327E-2,1.925860582E0,1.973323926E0
8.826459333E0,-2.952808821E-1,1.210214303E-1,2.296206849E0,2.318275842E0
8.836416333E0,-3.414807563E-1,-3.319724162E-1,2.023719583E0,2.079003546E0
8.846374333E0,-9.191402006E-1,-4.587620516E-1,1.543674288E0,1.854241526E0
8.856332333E0,-1.228591225E0,-4.424414860E-1,9.495012832E-1,1.614541283E0
8.866289333E0,-6.961599939E-1,-1.577172219E-3,2.975636351E-1,7.570900484E-1
8.876247333E0,5.906265222E-2,5.154312192E-1,7.260838509E-2,5.238603976E-1
8.886204333E0,8.596190536E-1,1.642580818E-1,2.128246164E-1,9.006774962E-1
8.896162333E0,1.066207249E0,-3.217457456E-1,3.456587380E-1,1.166103849E0
8.906119333E0,3.901097830E-1,-2.882170619E-1,5.828960645E-1,7.583024064E-1
8.916077333E0,-4.013758327E-1,-1.876807120E-1,7.434570980E-1,8.654796736E-1
8.926035333E0,-9.378117489E-1,-2.585351334E-1,4.932839763E-1,1.090715533E0
8.935992333E0,-9.610380589E-1,5.133522782E-2,1.925593364E-1,9.814828345E-1
8.945950333E0,-1.591745125E-1,1.185000379E-2,-1.739394629E-1,2.360760148E-1
8.955907333E0,9.919031715E-1,-2.730594527E-1,-1.782202095E-1,1.044124422E0
8.965865333E0,1.256380118E0,-8.015481623E-1,1.293918657E-1,1.495898630E0
8.975822333E0,1.393664993E0,-7.801789279E-1,-6.490175486E-2,1.598497267E0
8.985780333E0,1.139438509E0,-9.960318173E-1,-3.600481510E-2,1.513834814E0
8.995738333E0,4.645981210E-1,-5.174767214E-1,3.991882432E-1,8.018633455E-1
9.005695333E0,2.752160154E-2,7.908231262E-3,9.929460955E-1,9.933589116E-1
9.015653333E0,-1.938781759E-1,-2.271082679E-1,1.354487041E0,1.387011916E0
9.025610333E0,-3.193812047E-1,-6.835691113E-1,1.393337696E0,1.584506553E0
9.035568333E0,-1.796453221E-1,-8.575334249E-1,7.549749434E-1,1.156556605E0
9.045526333E0,-9.763702624E-2,-9.080581190E-1,-2.413946968E-1,9.446554589E-1
9.055483333E0,1.068121116E-1,-1.197528623E0,-9.344218987E-1,1.522704145E0
9.065441333E0,2.900512786E-1,-1.173280804E0,-1.304730744E0,1.778493718E0
9.075398333E0,3.027460954E-1,-7.484438228E-1,-1.216965206E0,1.460420374E0
9.085356333E0,5.097568984E-1,-3.173218153E-1,-5.371895492E-1,8.056784978E-1
9.095313333E0,8.859158827E-1,-2.356297807E-1,3.520088142E-1,9.819768583E-1
9.105271333E0,9.538912265E-1,-1.436796834E-1,1.453625997E0,1.744586158E0
9.115229333E0,6.031955507E-1,-2.789781140E-1,1.851983351E0,1.967616831E0
9.125186333E0,-7.244086236E-2,-3.755002955E-1,1.317957730E0,1.372319471E0
9.135144333E0,-1.014510773E0,-4.711609628E-1,6.260198647E-1,1.281844621E0
9.145101250E0,-1.253556059E0,-3.925823147E-1,2.690175283E-1,1.340855733E0
9.155059250E0,-1.125288759E0,-1.005527403E-1,1.570965582E-1,1.140642351E0
9.165016250E0,-1.284383749E0,-3.048156809E-1,3.331924742E-1,1.361459305E0
9.174974250E0,-1.122199675E0,-1.670037881E-1,6.136190897E-1,1.289864629E0
9.184932250E0,-3.789204781E-1,3.030209877E-2,7.433407384E-1,8.348978376E-1
9.194889250E0,5.913026065E-1,-1.416282974E-1,1.270350285E0,1.408363303E0
9.204847250E0,1.699284045E0,-4.756602491E-1,1.672383199E0,2.431189935E0
9.214804250E0,2.247831080E0,-1.190531333E0,1.442467756E0,2.924178969E0
9.224762250E0,1.773183934E0,-1.493444951E0,6.938054663E-1,2.419901881E0
9.234719250E0,5.369527370E-1,-1.330133972E0,-1.727080393E-1,1.444784653E0
9.244677250E0,-5.627890979E-1,-4.801501798E-1,-5.118839693E-1,8.996115617E-1
9.254635250E0,-1.134152407E0,2.298482001E-2,-2.763563687E-1,1.167562772E0
9.264592250E0,-1.018776902E0,-2.185752068E-1,-6.179162085E-2,1.043791023E0
9.274550250E0,-9.071449301E-1,-2.136140636E-1,-1.060012490E-1,9.379654349E-1
9.284507250E0,-8.886615890E-1,-2.308029042E-1,-1.974435157E-1,9.391343580E-1
9.294465250E0,-7.810451929E-1,-2.359869725E-1,-4.133291495E-1,9.146378685E-1
9.304423250E0,-5.449555287E-1,-1.578161312E-1,-3.902536976E-1,6.886075864E-1
9.314380250E0,-2.292566080E-1,-2.023314225E-1,-4.818158323E-1,5.706514637E-1
9.324338250E0,-4.077158955E-1,-6.672911938E-1,-4.866836393E-1,9.210704390E-1
9.334295250E0,-8.098821256E-1,-8.980139181E-1,-5.001462686E-1,1.308619251E0
9.344253250E0,-1.024001827E0,-2.752201816E-1,-6.880143839E-1,1.263997501E0
9.354210250E0,-1.169522506E0,-1.135632337E-1,-6.871139127E-1,1.361177810E0
9.364168250E0,-1.059440924E0,-5.207320491E-1,-5.394272786E-1,1.297905516E0
9.374126250E0,-7.863777074E-1,-2.637137382E-1,-4.697612125E-1,9.532105912E-1
9.384083250E0,-5.939109032E-1,-1.448360433E-1,-2.807862192E-1,6.727172818E-1
9.394041250E0,-7.703907620E-1,2.511240251E-2,9.913077056E-2,7.771482926E-1
9.403998250E0,-9.430620369E-1,3.757659052E-1,6.305286527E-2,1.017124223E0
9.413956250E0,-9.292093252E-1,3.413742638E-1,-1.327107453E-1,9.987885162E-1
9.423913250E0,-6.076873818E-1,-1.231582953E-1,-7.509894812E-1,9.738773642E-1
9.433871250E0,-1.681976433E-1,-3.467507055E-1,-1.364572903E0,1.417951236E0
9.443829250E0,4.944507882E-2,-4.153124519E-1,-1.755857465E0,1.804983292E0
9.453786250E0,2.928808194E-1,-5.857541104E-1,-1.963061153E0,2.069419276E0
9.463744250E0,4.232126981E-1,-2.996486791E-1,-1.817464898E0,1.889993909E0
9.473701250E0,2.677623504E-1,-2.654135969E-1,-1.427142203E0,1.476101596E0
9.483659250E0,-2.622143660E-2,-4.022295262E-1,-1.135808777E0,1.205212733E0
9.493617250E0,-1.262265121E-1,-4.118970933E-1,-1.330684195E0,1.398682514E0
9.503574250E0,-3.136878804E-1,-1.389150066E-1,-1.736847582E0,1.770405882E0
9.513532250E0,-5.419852162E-1,-8.768265322E-3,-2.110765328E0,2.179255636E0
9.523489250E0,-6.402373695E-1,4.690874670E-1,-2.261645712E0,2.396870515E0
9.533447250E0,-5.580369195E-1,6.533751129E-1,-2.359462613E0,2.511049196E0
9.543404250E0,-2.728104709E-1,-2.615742420E-1,-1.811842800E0,1.850843313E0
9.553362250E0,1.840806545E-1,-9.688907965E-1,-1.498296386E0,1.793746672E0
9.563320250E0,6.077614953E-1,-9.068034527E-1,-1.573048360E0,1.914718695E0
9.573277250E0,9.647848085E-1,-9.480103894E-1,-1.623910950E0,2.113438005E0
9.583235250E0,9.359479489E-1,-4.503073798E-1,-1.412676777E0,1.753405536E0
9.593192250E0,7.156331223E-1,3.338080399E-2,-1.153761483E0,1.358090793E0
9.603150250E0,4.679619511E-1,8.405525990E-2,-9.267854351E-1,1.041626093E0
9.613108250E0,1.759623072E-1,-2.322964658E-1,-8.776214612E-1,9.247398611E-1
9.623065250E0,3.053376545E-1,-7.308409993E-1,-1.154671894E0,1.400223851E0
9.633023250E0,7.971956411E-1,-9.041557603E-1,-1.687340961E0,2.073677421E0
9.642980250E0,9.749808177E-1,-1.313895085E0,-2.095342128E0,2.658451903E0
9.652938250E0,1.351906226E0,-1.537228902E0,-2.366278127E0,3.128896821E0
9.662895250E0,1.654690986E0,-2.187891784E-1,-2.319879302E0,2.857920737E0
9.672853250E0,1.800543933E0,-2.754424489E-1,-1.105003306E0,2.130459881E0
9.682811250E0,1.220868661E0,5.583568353E-2,3.628782034E-1,1.274879799E0
9.692768250E0,7.909060836E-1,6.808380231E-1,1.181842151E0,1.576649523E0
9.702726250E0,4.561522566E-1,4.899013621E-1,1.454504249E0,1.601143603E0
9.712683250E0,5.091404557E-2,7.464497761E-1,1.518738837E0,1.693028990E0
9.722641250E0,-2.341751397E-2,9.965598209E-1,2.271666670E-1,1.022391584E0
9.732599250E0,5.354728067E-1,-8.323964640E-2,-8.878540885E-1,1.040165779E0
9.742556250E0,1.227729930E0,-1.171047680E0,-1.281976304E0,2.126531611E0
9.752514250E0,1.317098774E0,-2.154350510E-1,-1.545265900E0,2.041814914E0
9.762471250E0,3.865680514E-1,7.714911349E-1,-7.546515924E-1,1.146356164E0
9.772429250E0,-5.419768108E-1,1.211478252E0,5.628804606E-1,1.441614661E0
9.782387250E0,-6.619219150E-1,1.914093060E0,1.531329646E0,2.539067418E0
9.792344250E0,-1.014719957E-1,2.171822393E0,1.905158515E0,2.890802318E0
9.802302250E0,5.401573035E-1,1.557896470E0,2.031136191E0,2.616166194E0
9.812259250E0,1.090910200E0,5.047169640E-1,1.472380357E0,1.900717810E0
9.822217250E0,1.213494445E0,-1.165009187E0,6.242733014E-1,1.794305528E0
9.832174250E0,1.316295221E0,-9.696464029E-1,-6.429563248E-1,1.756769789E0
9.842132250E0,4.321870047E-1,4.989252969E-1,-1.369580458E0,1.520349529E0
9.852090250E0,-3.872206007E-1,1.235650861E0,-1.089381300E0,1.692195160E0
9.862047250E0,-5.824921681E-1,1.478097033E0,4.711510956E-2,1.589430023E0
9.872005250E0,-2.740991972E-1,1.100835118E0,1.145839090E0,1.612425362E0
9.881962250E0,4.331286988E-1,6.710699569E-1,1.421694937E0,1.630690606E0
9.891920250E0,1.007437981E0,5.347152268E-1,1.134497246E0,1.608706207E0
9.901878250E0,1.189901807E0,6.762087824E-1,2.903510946E-1,1.399081265E0
9.911835250E0,9.294801244E-1,-7.886306031E-2,-3.777137589E-1,1.006389769E0
9.921793250E0,9.596628669E-1,-3.749125407E-1,-9.713166600E-1,1.415969027E0
9.931750250E0,9.258566049E-1,2.894447762E-1,-1.034150255E0,1.417905314E0
9.941708250E0,5.315750527E-1,2.164582041E-1,-1.591027379E-1,5.956004299E-1
9.951665250E0,3.458750850E-1,6.198965143E-1,7.433448315E-1,1.027843763E0
9.961623250E0,2.476235895E-1,1.071741566E0,1.417079145E0,1.793895407E0
9.971581250E0,3.608338706E-1,8.216310091E-1,1.824944656E0,2.033642446E0
9.981538250E0,8.961406895E-1,8.127623179E-1,1.723541658E0,2.105765079E0
9.991496250E0,1.152227685E0,-6.901112320E-3,1.493544939E0,1.886359655E0
1.000145325E1,1.252392901E0,-2.208888770E-1,1.108042104E0,1.686723800E0
1.001141125E1,8.138745314E-1,-3.463713674E-1,6.256123137E-1,1.083400039E0
1.002136925E1,9.683529988E-2,-4.411764775E-1,-4.193272233E-2,4.536211115E-1
1.003132625E1,-3.872155575E-1,-2.767598996E-1,-7.139999950E-1,8.580955208E-1
1.004128425E1,-8.540870029E-1,2.045546435E-1,-9.541328627E-1,1.296794791E0
1.005124125E1,-1.116728873E0,8.064616507E-1,-4.536761069E-1,1.450270934E0
1.006119925E1,-9.195144955E-1,6.930536605E-1,6.285996562E-1,1.311856628E0
1.007115725E1,-2.683007327E-1,-5.393679294E-1,1.427914621E0,1.549788118E0
1.008111425E1,3.948002002E-1,-1.591814707E0,1.199902446E0,2.032118879E0
1.009107225E1,6.919464903E-1,-1.602363084E0,5.271036869E-1,1.823237695E0
1.010102925E1,6.019210770E-1,-8.943446441E-1,-8.142534310E-1,1.350988518E0
1.011098725E1,6.002773516E-2,-7.454150382E-1,-2.211837959E0,2.334839195E0
1.012094525E1,-2.970267145E-1,-2.987174735E-1,-2.706372655E0,2.738961472E0
1.013090225E1,8.690175757E-2,1.321751404E0,-1.646136217E0,2.112899225E0
1.014085987E1,8.870837910E-1,1.706859259E0,2.483926445E-1,1.939583741E0
1.015081688E1,1.527552345E0,7.037916335E-1,1.923067952E0,2.554785544E0
1.016077487E1,1.914677490E0,-6.775957420E-1,2.046491565E0,2.883271337E0
1.017073287E1,1.783419193E0,-1.833609499E0,7.638714820E-1,2.669495730E0
1.018068987E1,1.587646227E0,-1.558349630E0,-1.236553379E0,2.545218727E0
1.019064788E1,1.082456004E0,-1.545184185E0,-3.221514693E0,3.733291052E0
1.020060488E1,5.992037297E-1,-8.486985013E-1,-3.921082006E0,4.056379956E0
1.021056287E1,4.113084248E-1,-2.040029222E-1,-3.190129178E0,3.222997981E0
1.022051988E1,5.233383724E-1,3.165967606E-2,-1.498765333E0,1.587823324E0
1.023047787E1,6.212694405E-1,-3.803489529E-1,2.851166672E-1,7.822611824E-1
1.024043587E1,6.912802000E-1,-7.888136575E-1,9.845073938E-1,1.438523587E0
1.025039287E1,6.506419051E-1,-7.150744940E-1,6.487760586E-1,1.164292401E0
1.026035088E1,3.010279642E-1,-6.322920267E-1,-2.722381747E-1,7.513485649E-1
1.027030787E1,4.495441720E-2,2.744234984E-1,-5.376508945E-1,6.053078890E-1
1.028026588E1,-1.897728458E-1,5.661954664E-1,-1.908209592E-1,6.269000540E-1
1.029022387E1,-4.683148306E-1,-2.563974097E-1,3.521017849E-2,5.350683778E-1
1.030018087E1,-9.014514231E-1,-5.528405721E-1,-2.077311069E-1,1.077682504E0
1.031013887E1,-1.107772986E0,-4.109565686E-1,-4.766135645E-1,1.274051325E0
1.032009587E1,-1.160842315E0,-4.110182568E-1,-8.678308833E-1,1.506526246E0
1.033005388E1,-1.452656237E0,-2.841281223E-1,-1.208319513E0,1.910752464E0
1.034001187E1,-1.291983667E0,2.176019378E-2,-1.836832631E0,2.245807075E0
1.034996888E1,-1.054632028E0,-5.500282075E-1,-1.300410236E0,1.762341206E0
1.035992687E1,-3.646579862E-1,3.008143216E-1,-6.298989075E-1,7.875514819E-1
1.036988387E1,2.529191569E-1,4.203621074E-1,5.132627428E-2,4.932613787E-1
1.037984187E1,8.052835829E-1,-1.120346765E0,2.862972200E-1,1.409121933E0
1.038979988E1,2.736238552E-1,-1.272768109E0,-2.112932307E-1,1.318883430E0
1.039975687E1,-1.136531639E0,-4.134096949E-1,-1.283838058E0,1.763760726E0
1.040971488E1,-1.672334374E0,1.631816094E-1,-2.785318837E0,3.252895867E0
1.041967188E1,-1.123651684E0,-4.092915009E-1,-4.063095671E0,4.235429030E0
1.042962987E1,5.043576891E-1,1.803541508E-1,-4.627360752E0,4.658258455E0
1.043958787E1,2.028884721E0,1.284925640E0,-3.616468967E0,4.341227350E0
1.044954487E1,2.466528055E0,1.134042771E0,-1.938902797E0,3.336039225E0
1.045950288E1,2.379998765E0,3.801009578E-1,-8.864139193E-1,2.567995424E0
1.046945987E1,1.342891281E0,-1.398949707E0,-7.031621808E-1,2.062729824E0
1.047941788E1,1.998468675E-1,-2.125903331E0,-1.314531847E0,2.507468389E0
1.048937587E1,-6.424272980E-1,-1.045080236E0,-2.000736517E0,2.346881366E0
1.049933287E1,-8.870962163E-1,4.424452136E-1,-1.896128660E0,2.139626453E0
1.050929087E1,-7.787899218E-1,1.671187735E0,-5.011373717E-1,1.910633627E0
1.051924787E1,-2.425636283E-1,3.076327159E0,1.210321600E0,3.314740454E0
1.052920587E1,5.342016951E-1,2.391458285E0,2.030294192E0,3.182222287E0
1.053916287E1,1.437402605E0,1.638961976E0,2.016313500E0,2.969485265E0
1.054912088E1,1.221050948E0,-5.251077033E-1,2.747244108E-1,1.357268220E0
1.055907887E1,-5.105291694E-1,-2.260570701E0,-1.103090097E0,2.566637428E0
1.056903587E1,-1.644770161E0,-1.742091365E0,-1.584579654E0,2.872463035E0
1.057899387E1,-5.536513616E-1,-2.236536452E0,-3.076982632E0,3.844014470E0
1.058895087E1,-1.273069240E0,-3.360875038E-1,-2.679694149E0,2.985702737E0
1.059890887E1,-7.173345159E-1,9.374553611E-1,-1.624974559E0,2.008465504E0
1.060886688E1,-1.798983604E-1,1.378943020E0,6.022047400E-2,1.391931672E0
1.061882388E1,-1.049038143E0,1.542070981E0,1.789725707E0,2.584875634E0
1.062878187E1,-1.797769137E0,7.212021567E-1,1.622452655E0,2.526748709E0
1.063873888E1,-1.471028334E0,6.600698825E-1,3.716542894E-1,1.654612801E0
1.064869687E1,-9.923892944E-1,-1.817298983E0,-4.599302888E-1,2.121072365E0
1.065865487E1,-7.810272127E-3,-3.190803947E0,-1.381195368E0,3.476922701E0
1.066861187E1,6.574138579E-1,-2.361101587E0,-1.907390982E0,3.105661611E0
1.067856988E1,6.774160132E-1,-7.068839335E-1,-1.920189952E0,2.155390174E0
1.068852687E1,6.801083636E-1,5.250420318E-1,-1.414125132E0,1.654680153E0
1.069848487E1,2.728857538E-1,1.523468065E0,-5.568449646E-1,1.644839777E0
1.070844287E1,-6.227299288E-2,1.554184366E0,1.346333098E-1,1.561247289E0
1.071839987E1,-1.389454852E-1,3.974006397E-1,-1.152895510E-2,4.211484692E-1
1.072835787E1,3.117909341E-1,-1.077303437E0,-7.526319641E-1,1.350648420E0
1.073831487E1,5.450828518E-1,-1.941142865E0,-1.295896186E0,2.396768212E0
1.074827288E1,1.947808398E-1,-1.448822363E0,-1.711327994E0,2.250704183E0
1.075823087E1,-7.771703893E-1,-3.167772203E-1,-1.925436659E0,2.100392332E0
1.076818788E1,-1.509930737E0,7.130908260E-1,-2.005956327E0,2.610028763E0
1.077814587E1,-1.498023613E0,1.320457707E0,-1.464269099E0,2.476240557E0
1.078810287E1,-1.570114666E0,1.118853971E0,-5.033932275E-1,1.992611105E0
1.079806087E1,-1.459001635E0,6.996681771E-1,1.345976418E-1,1.623680342E0
1.080801888E1,-9.599444103E-1,-6.252366301E-1,1.986287463E-1,1.162698367E0
1.081797587E1,-7.367002749E-1,-1.159306032E0,1.898181617E-1,1.386632145E0
1.082793387E1,-5.133454078E-1,-5.243699674E-1,-2.037129003E-1,7.615683267E-1
1.083789088E1,-1.559752084E-1,-5.439935155E-2,-1.301315385E0,1.311758090E0
1.084784887E1,2.585589791E-1,2.801496036E-1,-1.939492196E0,1.976604797E0
1.085780687E1,2.580917866E-1,7.754496268E-1,-1.306806505E0,1.541323047E0
1.086776387E1,-1.524632245E-2,1.079249537E0,-3.299753362E-1,1.128669897E0
1.087772188E1,-6.390275806E-4,3.109319050E-1,2.142975301E-1,3.776274477E-1
1.088767887E1,3.926112950E-1,-2.551954048E-1,3.573835748E-1,5.890597110E-1
1.089763688E1,5.987129290E-1,-3.619043862E-1,2.100454348E-1,7.304457823E-1
1.090759487E1,2.038184425E-1,-2.210839547E-1,2.177935803E-1,3.712871075E-1
1.091755187E1,-3.132899409E-1,4.150489618E-1,3.901484478E-1,6.501015605E-1
1.092750987E1,-5.232486907E-1,9.143643411E-1,4.048787534E-1,1.128617803E0
1.093746687E1,-5.154429502E-1,1.141348940E0,3.951296908E-1,1.313196981E0
1.094742487E1,-1.721567930E-1,9.577619371E-1,5.282351232E-1,1.107239014E0
1.095738287E1,-2.250588919E-1,2.473247602E-1,8.737757474E-1,9.355774146E-1
1.096733988E1,-4.724247654E-1,-1.832060572E-2,1.141384097E0,1.235426428E0
1.097729787E1,-1.766454812E-1,-1.738046480E-1,5.502978373E-1,6.035224862E-1
1.098725587E1,-3.039587349E-2,-2.578544993E-1,-1.654428738E-1,3.078704215E-1
1.099721287E1,-2.811722817E-1,-1.933491491E-3,-4.376529819E-1,5.201939282E-1
1.100717088E1,-4.473812869E-1,2.504742168E-1,-4.634245849E-1,6.911220551E-1
1.101712787E1,-5.284474502E-1,4.016604094E-1,-6.064018714E-1,8.990611891E-1
1.102708588E1,-3.187673201E-1,1.440267522E-1,-8.089921063E-1,8.813765017E-1
1.103704387E1,-2.585400487E-1,2.726710148E-2,-4.532217783E-1,5.224906046E-1
1.104700087E1,-3.624201471E-1,1.481617569E-1,-5.718576908E-4,3.915362005E-1
1.105695887E1,-3.913596985E-1,-8.109466843E-3,1.889820099E-2,3.918996288E-1
1.106691587E1,-4.957675812E-1,-1.455435564E-1,-2.096384686E-1,5.575990575E-1
1.107687387E1,-6.265764465E-1,-6.306821421E-2,-4.434563434E-1,7.702137181E-1
1.108683187E1,-6.475867349E-1,3.296426662E-1,-4.311005920E-1,8.449145442E-1
1.109678888E1,-5.713066638E-1,5.116711672E-1,-1.653364545E-1,7.845602785E-1
1.110674687E1,-3.146256642E-1,2.438213644E-1,1.943602788E-1,4.429605900E-1
1.111670387E1,4.695752710E-3,-1.491870296E-1,4.718334657E-1,4.948794189E-1
1.112666187E1,1.892085895E-1,-4.205985176E-1,6.003464949E-1,7.570461791E-1
1.113661988E1,2.801614442E-1,-3.986725553E-1,6.129121614E-1,7.830016339E-1
1.114658071E1,1.253868154E-1,-7.521576818E-2,4.904205948E-1,5.117534808E-1
1.115653871E1,1.813945167E-2,1.153170329E-1,2.540053868E-1,2.795456927E-1
1.116649571E1,-9.479228273E-2,8.556749605E-2,-8.184347749E-3,1.279623257E-1
1.117645371E1,-1.148328104E-1,-3.580034528E-2,-2.014944667E-1,2.346662719E-1
1.118641171E1,-1.239532974E-1,-2.327503194E-1,-2.743349862E-1,3.805217678E-1
1.119636871E1,-8.306978479E-2,-2.760475260E-1,-3.329778814E-1,4.404283089E-1
1.120632671E1,-1.788634032E-2,-1.320022455E-1,-3.359266323E-1,3.613740670E-1
1.121628371E1,-1.261193984E-1,-2.528160632E-2,-3.190872359E-1,3.440376817E-1
1.122624171E1,-3.148152602E-1,3.966202922E-3,-3.671490097E-1,4.836556359E-1
1.123619971E1,-5.254998688E-1,1.345931833E-1,-4.100704962E-1,6.800170946E-1
1.124615671E1,-4.757831137E-1,3.240686251E-1,-4.651407427E-1,7.400986120E-1
1.125611471E1,-2.598477054E-1,2.481348554E-1,-5.068957096E-1,6.213171468E-1
1.126607171E1,-4.763302669E-2,-3.687875457E-2,-4.206808537E-1,4.249721502E-1
1.127602971E1,3.454008758E-2,-2.608016056E-1,-3.188317126E-1,4.133571774E-1
1.128598771E1,5.832999609E-2,-1.933300725E-1,-3.061368227E-1,3.667405890E-1
1.129594471E1,8.124574587E-2,-9.834059246E-2,-3.740633422E-1,3.952152924E-1
1.130590271E1,-7.265413955E-2,8.959176913E-3,-3.585448319E-1,3.659416447E-1
1.131585971E1,-3.269811232E-1,9.725067146E-2,-2.813949144E-1,4.422187761E-1
1.132581771E1,-6.643134262E-1,-6.159588531E-2,-4.363513917E-1,7.971881323E-1
1.133577571E1,-1.276471297E0,-4.430192275E-1,-8.840943289E-1,1.614703623E0
1.134573271E1,-2.199955832E0,-8.546621496E-1,-1.446706402E0,2.768250796E0
1.135569071E1,-2.972084752E0,-8.676678921E-1,-2.024924694E0,3.699520964E0
1.136564771E1,-3.456200879E0,-6.774160863E-1,-2.594230660E0,4.374271344E0
1.137560571E1,-3.632773051E0,-3.702280073E-1,-3.049665025E0,4.757579803E0
1.138556371E1,-3.332323230E0,-2.505941943E-1,-3.358890932E0,4.738071744E0
1.139552071E1,-2.709921038E0,-2.746151409E-1,-3.241670630E0,4.234089510E0
1.140547871E1,-2.392266954E0,6.359102838E-2,-2.803632901E0,3.686101253E0
1.141543671E1,-2.256729665E0,-8.791544549E-2,-2.257415251E0,3.193192998E0
1.142539371E1,-2.322812558E0,-5.183148102E-1,-1.873839658E0,3.029089547E0
1.143535171E1,-2.863563646E0,-5.428508965E-1,-1.955383759E0,3.509730687E0
1.144530871E1,-3.259240928E0,-6.883111301E-1,-2.269623068E0,4.030832732E0
1.145526671E1,-3.095131220E0,-4.800074346E-1,-2.795818682E0,4.198433816E0
1.146522471E1,-3.103693590E0,-4.900177947E-1,-3.393958438E0,4.625147048E0
1.147518171E1,-3.093433481E0,-4.419533166E-1,-4.046573778E0,5.112671785E0
1.148513971E1,-2.504833750E0,-2.189353953E-1,-4.828940004E0,5.444335256E0
1.149509671E1,-1.912229114E0,3.751893698E-1,-5.039598811E0,5.403234534E0
1.150505471E1,-1.978172551E0,7.341505234E-1,-4.787527099E0,5.231879142E0
1.151501271E1,-1.941031475E0,-8.979919910E-2,-4.598464397E0,4.992148024E0
1.152496971E1,-2.186648154E0,-1.173299662E0,-4.036115448E0,4.737962659E0
1.153492771E1,-2.978744146E0,-1.604762635E0,-3.296337419E0,4.723771817E0
1.154488471E1,-2.715941623E0,-1.402516655E0,-3.094214376E0,4.349431512E0
1.155484271E1,-1.390467005E0,-8.848648457E-1,-3.385798064E0,3.765635779E0
1.156480071E1,-6.019165454E-1,-9.976263531E-1,-3.717771394E0,3.896073152E0
1.157475771E1,-3.753949725E-1,-1.127253131E0,-3.989673353E0,4.162825299E0
1.158471571E1,-2.248489769E-1,-1.122323782E0,-4.367881202E0,4.515368637E0
1.159467371E1,-2.311155841E-1,-7.528787166E-1,-4.783175601E0,4.847577705E0
1.160463071E1,-3.426817013E-1,-1.947991124E-1,-4.692367757E0,4.708895052E0
1.161458871E1,-7.158289310E-1,2.287629569E-1,-3.964477116E0,4.035074021E0
1.162454571E1,-3.593542327E-1,2.646096048E-1,-3.131003303E0,3.162646896E0
1.163450371E1,3.409847662E-1,3.108587417E-1,-1.924277741E0,1.978825053E0
1.164446171E1,6.469090426E-1,4.903422421E-1,-6.916911131E-1,1.066472419E0
1.165441871E1,1.159315095E0,8.835612090E-1,3.664064133E-1,1.502978895E0
1.166437671E1,2.108178813E0,7.743836063E-1,9.390119630E-1,2.434303051E0
1.167433371E1,2.792178791E0,-6.455413789E-2,8.486748201E-1,2.919020141E0
1.168429171E1,2.903053986E0,-1.311162681E0,5.002333921E-1,3.224453980E0
1.169424971E1,2.360850157E0,-1.746468883E0,1.434210902E-1,2.940125275E0
1.170420671E1,1.264498246E0,-1.525016700E0,-1.840732723E-1,1.989601648E0
1.171416471E1,3.676166408E-2,-1.179072325E0,-4.294376439E-1,1.255380284E0
1.172412171E1,-5.306035379E-1,-5.703119794E-1,-7.446949536E-1,1.077667130E0
1.173407971E1,-5.179724557E-1,4.086642408E-1,-7.314703059E-1,9.850638228E-1
1.174403771E1,-4.445952348E-1,1.012472287E0,-5.024085563E-1,1.214569641E0
1.175399471E1,-1.297036685E-1,4.264219424E-1,-1.427714646E-1,4.680196638E-1
1.176395271E1,1.420881443E-1,-2.757307166E-1,5.744602865E-1,6.528561018E-1
1.177391071E1,1.766705512E-1,-1.791008002E-1,1.418710518E0,1.440843196E0
1.178386771E1,8.475482078E-1,-4.244084537E-2,2.198425616E0,2.356525913E0
1.179382571E1,2.131105014E0,-7.217949182E-2,2.409817665E0,3.217769357E0
1.180378271E1,2.842662189E0,2.843822569E-2,2.728170490E0,3.940108028E0
1.181374071E1,2.868356316E0,7.463970780E-4,3.342860790E0,4.404791343E0
1.182369871E1,2.638770071E0,2.643839023E-1,4.045086247E0,4.836913177E0
1.183365571E1,2.568588281E0,7.213856131E-1,4.531439518E0,5.258515671E0
1.184361371E1,2.716810812E0,4.465679392E-1,4.582963428E0,5.346404184E0
1.185357071E1,3.061281103E0,-3.166422227E-1,3.902066860E0,4.969691145E0
1.186352871E1,2.994400651E0,-7.772563434E-1,2.669282012E0,4.086028529E0
1.187348671E1,2.417808762E0,-8.777325583E-1,1.834218925E0,3.159204444E0
1.188344371E1,1.715648209E0,-1.268699616E-2,1.488347933E0,2.271296834E0
1.189340171E1,7.592355902E-1,9.687447622E-1,1.312031577E0,1.798980810E0
1.190335871E1,5.700757518E-2,1.480679018E0,1.312229213E0,1.979294249E0
1.191331671E1,2.288204788E-1,1.354256660E0,1.553915686E0,2.073890998E0
1.192327471E1,7.553268727E-1,8.303098851E-1,1.826851434E0,2.144136038E0
1.193323171E1,1.301293604E0,1.599178398E-1,2.103610675E0,2.478732868E0
1.194318971E1,1.902389274E0,-6.136272758E-2,2.383972387E0,3.050602346E0
1.195314771E1,1.918449236E0,-4.047071376E-1,2.464818914E0,3.149534508E0
1.196310471E1,9.655672391E-1,-5.584307295E-1,2.425571233E0,2.669749198E0
1.197306271E1,-6.035153934E-1,-1.081730803E0,2.602476988E0,2.882231572E0
1.198301971E1,3.975786509E-1,-1.727601672E0,4.442339061E0,4.782996201E0
1.199297771E1,3.435722468E0,4.362984744E-1,8.239809759E0,8.938065232E0
1.200293571E1,2.790492454E0,2.295806607E0,7.767250654E0,8.566665561E0
1.201289271E1,-4.339019930E-1,-9.706065157E-1,4.734071268E0,4.851987090E0
1.202285071E1,-2.558008913E0,-3.085930333E0,2.711242801E0,4.839133512E0
1.203280871E1,-3.221217070E0,-3.495255602E0,1.680683321E0,5.041601686E0
1.204276571E1,-2.998109540E0,-2.483952173E0,1.536268204E0,4.185546464E0
1.205272371E1,-2.138047267E0,-2.725995326E-1,1.721347783E0,2.758368143E0
1.206268071E1,-9.681030303E-2,1.593263647E0,1.889733560E0,2.473651999E0
1.207263871E1,1.727843747E0,1.232776954E0,1.683280655E0,2.708988150E0
1.208259671E1,2.262181901E0,-6.402964264E-2,2.066235858E0,3.064457108E0
1.209255371E1,2.072164934E0,-1.202619355E0,3.440484148E0,4.192504264E0
1.210251171E1,1.451155841E0,-2.130398524E0,4.929692207E0,5.562941345E0
1.211246871E1,2.199645053E0,-2.155089562E0,5.378035069E0,6.197266379E0
1.212242671E1,1.629663149E0,3.861565536E-1,-1.374213207E0,2.166421197E0
1.213238471E1,-8.291246545E-1,2.429696444E0,-4.434618398E0,5.124130447E0
1.214233796E1,-6.032370660E-1,-8.734980047E-2,1.271785192E0,1.410305825E0
1.215229596E1,-1.556858297E0,1.920877585E0,3.662748510E-1,2.499547103E0
1.216225396E1,-1.799652818E0,3.864269289E0,3.747457123E-1,4.279224433E0
1.217221096E1,-8.823752475E-1,4.596393313E0,-3.533489960E-1,4.693641772E0
1.218216896E1,8.917658758E-1,1.778021336E0,-4.097301883E-1,2.030882831E0
1.219212596E1,1.163730693E0,1.196129823E-1,-1.091744159E0,1.600150525E0
1.220208396E1,1.144790100E0,4.626200080E-1,-1.158771962E0,1.693314532E0
1.221204196E1,1.013145302E0,4.836892802E-1,-5.499434960E-1,1.250142620E0
1.222199896E1,1.098740061E0,6.990720534E-1,5.121985495E-2,1.303286204E0
1.223195696E1,1.072993601E0,4.442527342E-1,1.478227572E0,1.879849067E0
1.224191496E1,4.503122038E-1,-2.988769197E-1,1.954130116E0,2.027494267E0
1.225187196E1,4.653731695E-1,3.979457098E-1,1.938495830E0,2.032904095E0
1.226182996E1,2.033521271E-1,2.843074125E-1,2.506400219E0,2.530656999E0
1.227178696E1,-2.579624900E-1,9.266667366E-2,1.995154181E0,2.013894725E0
1.228174496E1,-1.013451111E-1,2.450421900E-1,1.435821226E0,1.460102427E0
1.229170296E1,2.273543626E-1,5.384607339E-1,7.106776071E-1,9.201590239E-1
1.230165996E1,5.250007358E-1,7.046929818E-1,5.518017411E-2,8.804901038E-1
1.231161796E1,7.628727776E-1,2.482359391E-1,-3.029992068E-1,8.575572725E-1
1.232157496E1,1.147512271E0,3.409043670E-2,-5.774698484E-1,1.285075094E0
1.233153296E1,1.642924049E0,2.029738122E-1,-9.000817859E-1,1.884288996E0
1.234149096E1,1.497356446E0,2.417765200E-1,-9.534867454E-1,1.791554963E0
1.235144796E1,1.010098610E0,1.402688563E-1,-6.871355474E-1,1.229686877E0
1.236140596E1,5.764337218E-1,2.185484558E-1,-1.567808086E-1,6.360970721E-1
1.237136396E1,3.282606402E-1,4.392627203E-1,1.844843316E-1,5.785682795E-1
1.238132096E1,9.060114473E-2,4.103499931E-1,3.831586862E-1,5.686881949E-1
1.239127896E1,-3.956992096E-1,4.054506111E-1,4.895037514E-1,7.487202316E-1
1.240123596E1,-4.913824618E-1,2.357012630E-1,4.750979662E-1,7.230006131E-1
1.241119396E1,-3.057880363E-1,1.037845695E-1,2.096402228E-1,3.850020559E-1
1.242115196E1,-9.742952317E-2,7.037942648E-2,-1.910285354E-2,1.216991975E-1
1.243110896E1,1.390201834E-1,4.093050957E-5,-1.523913038E-1,2.062758409E-1
1.244106696E1,4.278422311E-1,-1.541057074E-1,-3.347449100E-1,5.646695481E-1
1.245102496E1,6.390024376E-1,-3.449623346E-1,-4.151476336E-1,8.364632002E-1
1.246098196E1,5.405104753E-1,-3.434268558E-1,-2.370168865E-1,6.828400865E-1
1.247093996E1,2.923780319E-1,-2.370116240E-1,1.122273642E-1,3.927523453E-1
1.248089696E1,8.025215775E-2,-7.145882249E-2,4.201651293E-1,4.336882613E-1
1.249085496E1,-1.845083052E-1,8.152948201E-2,6.560347921E-1,6.863468653E-1
1.250081296E1,-5.127484801E-1,1.980083567E-1,7.939097983E-1,9.656143542E-1
1.251076996E1,-5.662651214E-1,3.518626338E-1,7.009297138E-1,9.673499700E-1
1.252072796E1,-2.269646457E-1,2.188601124E-1,3.594739544E-1,4.781571113E-1
1.253068596E1,1.504617226E-1,4.701395273E-2,2.824731410E-2,1.601466593E-1
1.254064296E1,4.121070814E-1,7.663536251E-2,-1.843849289E-1,4.579334311E-1
1.255060096E1,4.990911385E-1,2.179140329E-2,-4.108826745E-1,6.468318189E-1
1.256055796E1,3.127251729E-1,-1.193358243E-1,-5.164179003E-1,6.154067927E-1
1.257051596E1,-4.388335347E-3,-1.566539240E-1,-5.370848840E-1,5.594817978E-1
1.258047396E1,-1.950253996E-1,-6.649687529E-2,-5.254957026E-1,5.644488235E-1
1.259043096E1,-2.115586942E-1,1.347818291E-1,-1.569375139E-1,2.958928959E-1
1.260038896E1,-8.468317777E-2,1.516644949E-1,2.115306276E-1,2.737125609E-1
1.261034696E1,-4.184995499E-1,-8.560908437E-3,4.634427112E-1,6.244952434E-1
1.262030396E1,-8.665363097E-1,-1.039488763E-1,7.695976603E-1,1.163602640E0
1.263026196E1,-8.867855099E-1,-1.023765600E-1,8.519527692E-1,1.233974482E0
1.264021896E1,-3.864132464E-1,-1.972470492E-1,2.590070951E-1,5.052784091E-1
1.265017696E1,9.584486926E-1,2.356427908E-2,-3.203981817E0,3.344350259E0
1.266013496E1,2.264421385E0,-6.722584766E-1,-3.416091903E0,4.153217977E0
1.267009196E1,1.073278068E0,-9.987605667E-1,6.765111566E-2,1.467659754E0
1.268004996E1,3.896330157E-1,4.909673095E-2,1.224208152E0,1.285655466E0
1.269000796E1,-1.391081840E-2,5.417106164E-1,1.196795821E0,1.313759544E0
1.269996496E1,-4.903855115E-1,3.592558533E-1,1.005977785E0,1.175386754E0
1.270992296E1,-5.742024243E-1,-2.126053458E-1,8.388520825E-1,1.038548157E0